material,top_thicknesses,depths_cm,basin_style,min_sb_cm,min_vsl_cm,max_integrated_cm,max_vessel_cm,depths_cm_vessel,faucet_holes,integrated_allowed_sizes_only,depth_only_cm,allowed_finishes,allow_multi_cabinet,side_panels_action,notes
Tekorlux,1/2|4|5-1/8,50|46,Rectangular 50,60,80,251,270,,0|1|2|3,,,,,,
HPL,1/2|4|5-1/8,50|46,Cover 50,70,80,270,270,,0|1|2|3,,,,,,
HPL,1/2|4|5-1/8,50|46,Prisma 50,60,80,270,270,,0|1|2|3,,,,,,
HPL,1/2|4|5-1/8,50|46,Quadra 50,60,80,270,270,,0|1|2|3,,,,,,
HPL,1/2|4|5-1/8,50|46,Strip 48,70,80,270,270,,0|1|2|3,,,,,,
Fenix,1/2|4|5-1/8,50|46,Cover 50,70,80,270,270,,0|1|2|3,,,,,,
Fenix,1/2|4|5-1/8,50|46,Prisma 50,60,80,270,270,,0|1|2|3,,,,,,
Fenix,1/2|4|5-1/8,50|46,Quadra 50,60,80,270,270,,0|1|2|3,,,,,,
Fenix,1/2|4|5-1/8,50|46,Strip 48,70,80,270,270,,0|1|2|3,,,,,,
Porcelain,1/2|2-3/8|4|5-1/2,50|46,Cover 48,60,80,290,290,,0|1|2|3,,,,,,
Porcelain,1/2|2-3/8|4|5-1/2,50|46,Strip 48,60,80,290,290,,0|1|2|3,,,,,,
Porcelain,1/2|2-3/8|4|5-1/2,50|46,Quadra 48,60,80,290,290,,0|1|2|3,,,,,,
Porcelain,1/2|2-3/8|4|5-1/2,50|46,Prisma 48,60,80,290,290,,0|1|2|3,,,,,,
