ProductType (for Catalog),UICategory,3DOptionName,UIOptionNameLabel,3DOptionValue,UIOptionValueLabel,,Material,Code Color,SKU,Color,Look,hex,image
Vanities,Select Cabinet Color,Cabinet Color,Cabinet color,Grigio Argento 403 MT,Grigio Argento 403 MT,material,Lacquered MT,403 MT,LACM,Grey,,#b8b7b7,
Vanities,Select Cabinet Color,Cabinet Color,Cabinet color,Nebbia 402 MT,Nebbia 402 MT,material,Lacquered MT,402 MT,LACM,Grey,,#b6b5b5,
Vanities,Select Cabinet Color,Cabinet Color,Cabinet color,Seta 406 MT,Seta 406 MT,material,Lacquered MT,406 MT,LACM,"Grey, Beige",,#cfcfc8,
Vanities,Select Cabinet Color,Cabinet Color,Cabinet color,Moka 408 MT,Moka 408 MT,material,Lacquered MT,408 MT,LACM,Brown,,#a8a294,
Vanities,Select Cabinet Color,Cabinet Color,Cabinet color,Ponente 418 MT,Ponente 418 MT,material,Lacquered MT,418 MT,LACM,"Grey, Blue",,#9ca8a9,
Vanities,Select Cabinet Color,Cabinet Color,Cabinet color,Acqua 419 MT,Acqua 419 MT,material,Lacquered MT,419 MT,LACM,Blue,,#7098ab,
Vanities,Select Cabinet Color,Cabinet Color,Cabinet color,Salvia 415 MT,Salvia 415 MT,material,Lacquered MT,415 MT,LACM,Green,,#89938a,
Vanities,Select Cabinet Color,Cabinet Color,Cabinet color,Ambra 413 MT,Ambra 413 MT,material,Lacquered MT,413 MT,LACM,Orange,,#d58c44,
Vanities,Select Cabinet Color,Cabinet Color,Cabinet color,Latte 417 MT,Latte 417 MT,material,Lacquered MT,417 MT,LACM,White,,#dadad8,
Vanities,Select Cabinet Color,Cabinet Color,Cabinet color,Fumo 401 MT,Fumo 401 MT,material,Lacquered MT,401 MT,LACM,Grey,,#8c8b87,
Vanities,Select Cabinet Color,Cabinet Color,Cabinet color,Metropoli 404 MT,Metropoli 404 MT,material,Lacquered MT,404 MT,LACM,Grey,,#71706d,
Vanities,Select Cabinet Color,Cabinet Color,Cabinet color,Antracite 400 MT,Antracite 400 MT,material,Lacquered MT,400 MT,LACM,Black,,#414144,
Vanities,Select Cabinet Color,Cabinet Color,Cabinet color,Nero 433 MT,Nero 433 MT,material,Lacquered MT,433 MT,LACM,Black,,#1f1f20,
Vanities,Select Cabinet Color,Cabinet Color,Cabinet color,Sabbia 405 MT,Sabbia 405 MT,material,Lacquered MT,405 MT,LACM,Beige,,#cdcabf,
Vanities,Select Cabinet Color,Cabinet Color,Cabinet color,Agata 407 MT,Agata 407 MT,material,Lacquered MT,407 MT,LACM,"Grey, Beige",,#c2bfb9,
Vanities,Select Cabinet Color,Cabinet Color,Cabinet color,Creta 416 MT,Creta 416 MT,material,Lacquered MT,416 MT,LACM,"Grey, Brown",,#8b8781,
Vanities,Select Cabinet Color,Cabinet Color,Cabinet color,Zaffiro 411 MT,Zaffiro 411 MT,material,Lacquered MT,411 MT,LACM,Blue,,#275871,
Vanities,Select Cabinet Color,Cabinet Color,Cabinet color,Turchese 410 MT,Turchese 410 MT,material,Lacquered MT,410 MT,LACM,"Blue, Green",,#7aa3a0,
Vanities,Select Cabinet Color,Cabinet Color,Cabinet color,Asparago 414 MT,Asparago 414 MT,material,Lacquered MT,414 MT,LACM,Green,,#a3a793,
Vanities,Select Cabinet Color,Cabinet Color,Cabinet color,Zafferano 412 MT,Zafferano 412 MT,material,Lacquered MT,412 MT,LACM,Yellow,,#dbbb55,
Vanities,Select Cabinet Color,Cabinet Color,Cabinet color,Grigio Argento 403 GL,Grigio Argento 403 GL,material,Lacquered GL,403 GL,LACG,Grey,,#b8b7b7,
Vanities,Select Cabinet Color,Cabinet Color,Cabinet color,Nebbia 402 GL,Nebbia 402 GL,material,Lacquered GL,402 GL,LACG,Grey,,#b6b5b5,
Vanities,Select Cabinet Color,Cabinet Color,Cabinet color,Seta 406 GL,Seta 406 GL,material,Lacquered GL,406 GL,LACG,"Grey, Beige",,#cfcfc8,
Vanities,Select Cabinet Color,Cabinet Color,Cabinet color,Moka 408 GL,Moka 408 GL,material,Lacquered GL,408 GL,LACG,Brown,,#a8a294,
Vanities,Select Cabinet Color,Cabinet Color,Cabinet color,Ponente 418 GL,Ponente 418 GL,material,Lacquered GL,418 GL,LACG,"Grey, Blue",,#9ca8a9,
Vanities,Select Cabinet Color,Cabinet Color,Cabinet color,Acqua 419 GL,Acqua 419 GL,material,Lacquered GL,419 GL,LACG,Blue,,#7098ab,
Vanities,Select Cabinet Color,Cabinet Color,Cabinet color,Salvia 415 GL,Salvia 415 GL,material,Lacquered GL,415 GL,LACG,Green,,#89938a,
Vanities,Select Cabinet Color,Cabinet Color,Cabinet color,Ambra 413 GL,Ambra 413 GL,material,Lacquered GL,413 GL,LACG,Orange,,#d58c44,
Vanities,Select Cabinet Color,Cabinet Color,Cabinet color,Latte 417 GL,Latte 417 GL,material,Lacquered GL,417 GL,LACG,White,,#dadad8,
Vanities,Select Cabinet Color,Cabinet Color,Cabinet color,Fumo 401 GL,Fumo 401 GL,material,Lacquered GL,401 GL,LACG,Grey,,#8c8b87,
Vanities,Select Cabinet Color,Cabinet Color,Cabinet color,Metropoli 404 GL,Metropoli 404 GL,material,Lacquered GL,404 GL,LACG,Grey,,#71706d,
Vanities,Select Cabinet Color,Cabinet Color,Cabinet color,Antracite 400 GL,Antracite 400 GL,material,Lacquered GL,400 GL,LACG,Black,,#414144,
Vanities,Select Cabinet Color,Cabinet Color,Cabinet color,Nero 433 GL,Nero 433 GL,material,Lacquered GL,433 GL,LACG,Black,,#1f1f20,
Vanities,Select Cabinet Color,Cabinet Color,Cabinet color,Sabbia 405 GL,Sabbia 405 GL,material,Lacquered GL,405 GL,LACG,Beige,,#cdcabf,
Vanities,Select Cabinet Color,Cabinet Color,Cabinet color,Agata 407 GL,Agata 407 GL,material,Lacquered GL,407 GL,LACG,"Grey, Beige",,#c2bfb9,
Vanities,Select Cabinet Color,Cabinet Color,Cabinet color,Creta 416 GL,Creta 416 GL,material,Lacquered GL,416 GL,LACG,"Grey, Brown",,#8b8781,
Vanities,Select Cabinet Color,Cabinet Color,Cabinet color,Zaffiro 411 GL,Zaffiro 411 GL,material,Lacquered GL,411 GL,LACG,Blue,,#275871,
Vanities,Select Cabinet Color,Cabinet Color,Cabinet color,Turchese 410 GL,Turchese 410 GL,material,Lacquered GL,410 GL,LACG,"Blue, Green",,#7aa3a0,
Vanities,Select Cabinet Color,Cabinet Color,Cabinet color,Asparago 414 GL,Asparago 414 GL,material,Lacquered GL,414 GL,LACG,Green,,#a3a793,
Vanities,Select Cabinet Color,Cabinet Color,Cabinet color,Zafferano 412 GL,Zafferano 412 GL,material,Lacquered GL,412 GL,LACG,Yellow,,#dbbb55,
Vanities,Select Handle Color,Handle Color,Handle color,Gold,Gold,material,Metal,GLD,MTL,,,,https://preview.threekit.com/api/files/hash/sha256-fc0fed17c0b91219c6b5839c3926027fade03e3576db2857d63d7d73407026e9
Vanities,Select Handle Color,Handle Color,Handle color,Silver,Silver,material,Metal,SLV,MTL,,,,https://preview.threekit.com/api/files/hash/sha256-89188e8c640857dd5245e8377ed22f8eb03ba0a4a649e92bfcd5d51734309363
Vanities,Select Handle Color,Handle Color,Handle color,Grigio Argento 403 MT,Grigio Argento 403 MT,material,Lacquered MT,403 MT,LACM,Grey,,#b8b7b7,
Vanities,Select Handle Color,Handle Color,Handle color,Nebbia 402 MT,Nebbia 402 MT,material,Lacquered MT,402 MT,LACM,Grey,,#b6b5b5,
Vanities,Select Handle Color,Handle Color,Handle color,Seta 406 MT,Seta 406 MT,material,Lacquered MT,406 MT,LACM,"Grey, Beige",,#cfcfc8,
Vanities,Select Handle Color,Handle Color,Handle color,Moka 408 MT,Moka 408 MT,material,Lacquered MT,408 MT,LACM,Brown,,#a8a294,
Vanities,Select Handle Color,Handle Color,Handle color,Ponente 418 MT,Ponente 418 MT,material,Lacquered MT,418 MT,LACM,"Grey, Blue",,#9ca8a9,
Vanities,Select Handle Color,Handle Color,Handle color,Acqua 419 MT,Acqua 419 MT,material,Lacquered MT,419 MT,LACM,Blue,,#7098ab,
Vanities,Select Handle Color,Handle Color,Handle color,Salvia 415 MT,Salvia 415 MT,material,Lacquered MT,415 MT,LACM,Green,,#89938a,
Vanities,Select Handle Color,Handle Color,Handle color,Ambra 413 MT,Ambra 413 MT,material,Lacquered MT,413 MT,LACM,Orange,,#d58c44,
Vanities,Select Handle Color,Handle Color,Handle color,Latte 417 MT,Latte 417 MT,material,Lacquered MT,417 MT,LACM,White,,#dadad8,
Vanities,Select Handle Color,Handle Color,Handle color,Fumo 401 MT,Fumo 401 MT,material,Lacquered MT,401 MT,LACM,Grey,,#8c8b87,
Vanities,Select Handle Color,Handle Color,Handle color,Metropoli 404 MT,Metropoli 404 MT,material,Lacquered MT,404 MT,LACM,Grey,,#71706d,
Vanities,Select Handle Color,Handle Color,Handle color,Antracite 400 MT,Antracite 400 MT,material,Lacquered MT,400 MT,LACM,Black,,#414144,
Vanities,Select Handle Color,Handle Color,Handle color,Nero 433 MT,Nero 433 MT,material,Lacquered MT,433 MT,LACM,Black,,#1f1f20,
Vanities,Select Handle Color,Handle Color,Handle color,Sabbia 405 MT,Sabbia 405 MT,material,Lacquered MT,405 MT,LACM,Beige,,#cdcabf,
Vanities,Select Handle Color,Handle Color,Handle color,Agata 407 MT,Agata 407 MT,material,Lacquered MT,407 MT,LACM,"Grey, Beige",,#c2bfb9,
Vanities,Select Handle Color,Handle Color,Handle color,Creta 416 MT,Creta 416 MT,material,Lacquered MT,416 MT,LACM,"Grey, Brown",,#8b8781,
Vanities,Select Handle Color,Handle Color,Handle color,Zaffiro 411 MT,Zaffiro 411 MT,material,Lacquered MT,411 MT,LACM,Blue,,#275871,
Vanities,Select Handle Color,Handle Color,Handle color,Turchese 410 MT,Turchese 410 MT,material,Lacquered MT,410 MT,LACM,"Blue, Green",,#7aa3a0,
Vanities,Select Handle Color,Handle Color,Handle color,Asparago 414 MT,Asparago 414 MT,material,Lacquered MT,414 MT,LACM,Green,,#a3a793,
Vanities,Select Handle Color,Handle Color,Handle color,Zafferano 412 MT,Zafferano 412 MT,material,Lacquered MT,412 MT,LACM,Yellow,,#dbbb55,
Vanities,Select Countertop Color,Countertop Color,Countertops materials,Matte White,Matte White,material,Solid Surface,MW,SSTL,White,,#ffffff,
Vanities,Select Countertop Color,Countertop Color,Countertops materials,CALACATTA 259,Calacatta 259,material,HPL,259,HPL,White,Stone/Marble-Look,,https://preview.threekit.com/api/files/hash/sha256-98546ac83a269f248b37596e46f76407de1a1b771cd65b156623ac22a5d2c24b
Vanities,Select Countertop Color,Countertop Color,Countertops materials,IMPERO 260,Impero 260,material,HPL,260,HPL,"Black, Grey",Stone/Marble-Look,,https://preview.threekit.com/api/files/hash/sha256-a6e8c768f76dc3a35cef3f306112e25b75f052733bd67f0b609879359b55cda5
Vanities,Select Countertop Color,Countertop Color,Countertops materials,KASPIO ARGENTO 262,Kaspio Argento 262,material,HPL,262,HPL,Grey,Stone/Marble-Look,,https://preview.threekit.com/api/files/hash/sha256-549c1ba25674111b6a47ea7d4496c0a9b08fe831747babfb58462a081377002e
Vanities,Select Countertop Color,Countertop Color,Countertops materials,KASPIO ORO 261,Kaspio Oro 261,material,HPL,261,HPL,"Brown, Grey",Stone/Marble-Look,,https://preview.threekit.com/api/files/hash/sha256-826d6f94bab2a893acf9b82e709e37684df24ffa0f28f3011df2694ae8e246f1
Vanities,Select Countertop Color,Countertop Color,Countertops materials,NOCE SAVOIA 256,Noce Savoia 256,material,HPL,256,HPL,Brown,Wood-look,,https://preview.threekit.com/api/files/hash/sha256-d1728a5d8e23f9ce7d3b7d9ce4e447a117aa22a3b5bab90d41ae17ece78546ac
Vanities,Select Countertop Color,Countertop Color,Countertops materials,RIVEL 257,Rivel 257,material,HPL,257,HPL,"Brown, Grey",Wood-look,,https://preview.threekit.com/api/files/hash/sha256-2236d3324e9e71b0cceb8a807c349b79c81c0be3b29fe7bd97865e8b326896eb
Vanities,Select Countertop Color,Countertop Color,Countertops materials,ROVERE PRUSSIA 255,Rovere Prussia 255,material,HPL,255,HPL,"Brown, Grey",Wood-look,,https://preview.threekit.com/api/files/hash/sha256-392111d4bfe37a02ea777c0efae3c712da9fa2cd678bfa5ad260fd68ab957665
Vanities,Select Countertop Color,Countertop Color,Countertops materials,ROVERE SLAVONIA 254,Rovere Slavonia 254,material,HPL,254,HPL,Brown,Wood-look,,https://preview.threekit.com/api/files/hash/sha256-d08c483823bdeffe6c63f114c0d9599299c1f1a56581e85e59ab07a3994abada
Vanities,Select Countertop Color,Countertop Color,Countertops materials,ROVERE TEXAS 264,Rovere Texas 264,material,HPL,264,HPL,"Brown, Grey",Wood-look,,https://preview.threekit.com/api/files/hash/sha256-0b6916faebcae513ebebe93cc5c058a15974a48a77855c87c1ad521353fbeb45
Vanities,Select Countertop Color,Countertop Color,Countertops materials,SILVER VOYAGE 263,Silver Voyage 263,material,HPL,263,HPL,"Grey, Blue",,,https://preview.threekit.com/api/files/hash/sha256-16785b78a3b8f951a7150334dbcd860c3fd52cfaf8f3749b86fdbba2aa8e4a3a
Vanities,Select Countertop Color,Countertop Color,Countertops materials,GRIGIO BROMO 253,Grigio Bromo 253,material,HPL,253,HPL,"Grey, Blue",,#5a5c5e,
Vanities,Select Countertop Color,Countertop Color,Countertops materials,BIANCO KOS 250,Bianco Kos 250,material,HPL,250,HPL,White,,#dedbd8,
Vanities,Select Countertop Color,Countertop Color,Countertops materials,GRIGIO LONDON 252,Grigio London 252,material,HPL,252,HPL,"Grey, Brown",,#8b8179,
Vanities,Select Countertop Color,Countertop Color,Countertops materials,NERO INGO 251,Nero Ingo 251,material,HPL,251,HPL,Black,,#2d2b2a,
Vanities,Select Countertop Color,Countertop Color,Countertops materials,CALACATTA BLACK 338,Calacatta Black 338,material,Porcelain,338,POR,"Black, Grey",Stone/Marble-look,,https://preview.threekit.com/api/files/hash/sha256-c36b777d309b37993e9ae760414fbc24fc4ac1759c6054f493a72c76438c97fb
Vanities,Select Countertop Color,Countertop Color,Countertops materials,CALACATTA ORO OPACO 331,Calacatta Oro Opaco 331,material,Porcelain,331,POR,White,Stone/Marble-look,,https://preview.threekit.com/api/files/hash/sha256-4c4f9bafa50e65fef0650289709726b7ad77e1f100062fda0c80e8dc0001dc61
Vanities,Select Countertop Color,Countertop Color,Countertops materials,EMPERADOR OPACO 322,Emperador Opaco 322,material,Porcelain,322,POR,Brown,Stone/Marble-look,,https://preview.threekit.com/api/files/hash/sha256-087c049f3267e743020415007cd5f19431b77eaf6f1d8e51a4cc607e09a8b3c3
Vanities,Select Countertop Color,Countertop Color,Countertops materials,INVISIBLE WHITE OPACO 332,Invisible White Opaco 332,material,Porcelain,332,POR,"White, Grey",Stone/Marble-look,,https://preview.threekit.com/api/files/hash/sha256-1e24be33d8acfdaa01b42dcaf268f5c484638586c6004e725f7f0dd0b277a204
Vanities,Select Countertop Color,Countertop Color,Countertops materials,INVISIBLE WHITE LUCIDO 334,Invisible White Lucido 334,material,Porcelain,334,POR,White,Stone/Marble-look,,https://preview.threekit.com/api/files/hash/sha256-8ad6d52f91cf116beaada0423b85b674eb1ee7172a55f33b1744f8168ea2932d
Vanities,Select Countertop Color,Countertop Color,Countertops materials,MINE GOFFRATO 317,Mine Goffrato 317,material,Porcelain,317,POR,"Brown, Grey","Stone/Marble-look, Metallic",,https://preview.threekit.com/api/files/hash/sha256-a517271bba330b7018bcd99183d38ddb4ce98711337876ec70afa9fac74d9f51
Vanities,Select Countertop Color,Countertop Color,Countertops materials,ARDESIA NERA 328,Ardesia Nera 328,material,Porcelain,328,POR,Black,Stone/Marble-look,,https://preview.threekit.com/api/files/hash/sha256-65dc6d930eeb459aa21c45e1e5791ef039d487a617e4ed03192c6b3c8961c39b
Vanities,Select Countertop Color,Countertop Color,Countertops materials,NERO ATLANTE LUCIDO 326,Nero Atlante Lucido 326,material,Porcelain,326,POR,Black,Stone/Marble-look,,https://preview.threekit.com/api/files/hash/sha256-ba3cdd13811007cafa8bd2b0e571c8035d98765a7a426447452f71365f3156bd
Vanities,Select Countertop Color,Countertop Color,Countertops materials,PIETRA GREY GOFFRATO 323,Pietra Grey Goffrato 323,material,Porcelain,323,POR,Grey,Stone/Marble-look,,https://preview.threekit.com/api/files/hash/sha256-4b1911fb612e08d95a515fa65c6b8cf57bda25df2031aaa8844f7504b97e2e11
Vanities,Select Countertop Color,Countertop Color,Countertops materials,PIETRA PIASENTINA GOFFRATO 324,Pietra Piasentina Goffrato 324,material,Porcelain,324,POR,"Grey, Brown",,,https://preview.threekit.com/api/files/hash/sha256-e410c0b5ddd653f48cd91934c8aa713562db68a5f21e9be633b8c90b4f7c6fec
Vanities,Select Countertop Color,Countertop Color,Countertops materials,PORFIDO 337,Porfido 337,material,Porcelain,337,POR,"Grey, Brown, Orange","Stone/Marble-look, Metallic",,https://preview.threekit.com/api/files/hash/sha256-181edaa49bdfe59e7f34e7de121e9ca187dcb9b3f4947a1d752494ae2f71107f
Vanities,Select Countertop Color,Countertop Color,Countertops materials,SAHARA NOIR BOCCIARDATO 335,Sahara Noir Bocciardato 335,material,Porcelain,335,POR,Black,Stone/Marble-look,,https://preview.threekit.com/api/files/hash/sha256-e349c2e755a98b89a62ea76dfc9045bd8467ffd163e8b67571f8e36bda4cfea9
Vanities,Select Countertop Color,Countertop Color,Countertops materials,SAHARA NOIR LUCIDO 339,Sahara Noir Lucido 339,material,Porcelain,339,POR,Black,Stone/Marble-look,,https://preview.threekit.com/api/files/hash/sha256-b6b377e720c74269aa2e03741a70c6f192031428baf4fbde23ce05273bc0d5dd
Vanities,Select Countertop Color,Countertop Color,Countertops materials,STATUARIO ALTISSIMO LUCIDO 333,Statuario Altissimo Lucido 333,material,Porcelain,333,POR,White,Stone/Marble-look,,https://preview.threekit.com/api/files/hash/sha256-91674c081fc76ac6518cdc42050451aef0ace5fbcb730a35bd81d3d08cce471c
Vanities,Select Countertop Color,Countertop Color,Countertops materials,TERRE DI SATURNIA 336,Terre Di Saturnia 336,material,Porcelain,336,POR,"Brown, Grey",Stone/Marble-look,,https://preview.threekit.com/api/files/hash/sha256-5348f54f8bfc4c29a1b4af76acedb06f4f312ea70b84ed6ec18e985f2ef16bed
Vanities,Select Countertop Color,Countertop Color,Countertops materials,Grigio Argento 403 MT,Grigio Argento 403 MT,material,Glass MT,403 MT,GLSM,Grey,,#b8b7b7,
Vanities,Select Countertop Color,Countertop Color,Countertops materials,Nebbia 402 MT,Nebbia 402 MT,material,Glass MT,402 MT,GLSM,Grey,,#b6b5b5,
Vanities,Select Countertop Color,Countertop Color,Countertops materials,Seta 406 MT,Seta 406 MT,material,Glass MT,406 MT,GLSM,"Grey, Beige",,#cfcfc8,
Vanities,Select Countertop Color,Countertop Color,Countertops materials,Moka 408 MT,Moka 408 MT,material,Glass MT,408 MT,GLSM,Brown,,#a8a294,
Vanities,Select Countertop Color,Countertop Color,Countertops materials,Ponente 418 MT,Ponente 418 MT,material,Glass MT,418 MT,GLSM,"Grey, Blue",,#9ca8a9,
Vanities,Select Countertop Color,Countertop Color,Countertops materials,Acqua 419 MT,Acqua 419 MT,material,Glass MT,419 MT,GLSM,Blue,,#7098ab,
Vanities,Select Countertop Color,Countertop Color,Countertops materials,Salvia 415 MT,Salvia 415 MT,material,Glass MT,415 MT,GLSM,Green,,#89938a,
Vanities,Select Countertop Color,Countertop Color,Countertops materials,Ambra 413 MT,Ambra 413 MT,material,Glass MT,413 MT,GLSM,Orange,,#d58c44,
Vanities,Select Countertop Color,Countertop Color,Countertops materials,Latte 417 MT,Latte 417 MT,material,Glass MT,417 MT,GLSM,White,,#dadad8,
Vanities,Select Countertop Color,Countertop Color,Countertops materials,Fumo 401 MT,Fumo 401 MT,material,Glass MT,401 MT,GLSM,Grey,,#8c8b87,
Vanities,Select Countertop Color,Countertop Color,Countertops materials,Metropoli 404 MT,Metropoli 404 MT,material,Glass MT,404 MT,GLSM,Grey,,#71706d,
Vanities,Select Countertop Color,Countertop Color,Countertops materials,Antracite 400 MT,Antracite 400 MT,material,Glass MT,400 MT,GLSM,Black,,#414144,
Vanities,Select Countertop Color,Countertop Color,Countertops materials,Nero 433 MT,Nero 433 MT,material,Glass MT,433 MT,GLSM,Black,,#1f1f20,
Vanities,Select Countertop Color,Countertop Color,Countertops materials,Sabbia 405 MT,Sabbia 405 MT,material,Glass MT,405 MT,GLSM,Beige,,#cdcabf,
Vanities,Select Countertop Color,Countertop Color,Countertops materials,Agata 407 MT,Agata 407 MT,material,Glass MT,407 MT,GLSM,"Grey, Beige",,#c2bfb9,
Vanities,Select Countertop Color,Countertop Color,Countertops materials,Creta 416 MT,Creta 416 MT,material,Glass MT,416 MT,GLSM,"Grey, Brown",,#8b8781,
Vanities,Select Countertop Color,Countertop Color,Countertops materials,Zaffiro 411 MT,Zaffiro 411 MT,material,Glass MT,411 MT,GLSM,Blue,,#275871,
Vanities,Select Countertop Color,Countertop Color,Countertops materials,Turchese 410 MT,Turchese 410 MT,material,Glass MT,410 MT,GLSM,"Blue, Green",,#7aa3a0,
Vanities,Select Countertop Color,Countertop Color,Countertops materials,Asparago 414 MT,Asparago 414 MT,material,Glass MT,414 MT,GLSM,Green,,#a3a793,
Vanities,Select Countertop Color,Countertop Color,Countertops materials,Zafferano 412 MT,Zafferano 412 MT,material,Glass MT,412 MT,GLSM,Yellow,,#dbbb55,
Vanities,Select Countertop Color,Countertop Color,Countertops materials,Grigio Argento 403 GL,Grigio Argento 403 GL,material,Glass GL,403 GL,GLSG,Grey,,#b8b7b7,
Vanities,Select Countertop Color,Countertop Color,Countertops materials,Nebbia 402 GL,Nebbia 402 GL,material,Glass GL,402 GL,GLSG,Grey,,#b6b5b5,
Vanities,Select Countertop Color,Countertop Color,Countertops materials,Seta 406 GL,Seta 406 GL,material,Glass GL,406 GL,GLSG,"Grey, Beige",,#cfcfc8,
Vanities,Select Countertop Color,Countertop Color,Countertops materials,Moka 408 GL,Moka 408 GL,material,Glass GL,408 GL,GLSG,Brown,,#a8a294,
Vanities,Select Countertop Color,Countertop Color,Countertops materials,Ponente 418 GL,Ponente 418 GL,material,Glass GL,418 GL,GLSG,"Grey, Blue",,#9ca8a9,
Vanities,Select Countertop Color,Countertop Color,Countertops materials,Acqua 419 GL,Acqua 419 GL,material,Glass GL,419 GL,GLSG,Blue,,#7098ab,
Vanities,Select Countertop Color,Countertop Color,Countertops materials,Salvia 415 GL,Salvia 415 GL,material,Glass GL,415 GL,GLSG,Green,,#89938a,
Vanities,Select Countertop Color,Countertop Color,Countertops materials,Ambra 413 GL,Ambra 413 GL,material,Glass GL,413 GL,GLSG,Orange,,#d58c44,
Vanities,Select Countertop Color,Countertop Color,Countertops materials,Latte 417 GL,Latte 417 GL,material,Glass GL,417 GL,GLSG,White,,#dadad8,
Vanities,Select Countertop Color,Countertop Color,Countertops materials,Fumo 401 GL,Fumo 401 GL,material,Glass GL,401 GL,GLSG,Grey,,#8c8b87,
Vanities,Select Countertop Color,Countertop Color,Countertops materials,Metropoli 404 GL,Metropoli 404 GL,material,Glass GL,404 GL,GLSG,Grey,,#71706d,
Vanities,Select Countertop Color,Countertop Color,Countertops materials,Antracite 400 GL,Antracite 400 GL,material,Glass GL,400 GL,GLSG,Black,,#414144,
Vanities,Select Countertop Color,Countertop Color,Countertops materials,Nero 433 GL,Nero 433 GL,material,Glass GL,433 GL,GLSG,Black,,#1f1f20,
Vanities,Select Countertop Color,Countertop Color,Countertops materials,Sabbia 405 GL,Sabbia 405 GL,material,Glass GL,405 GL,GLSG,Beige,,#cdcabf,
Vanities,Select Countertop Color,Countertop Color,Countertops materials,Agata 407 GL,Agata 407 GL,material,Glass GL,407 GL,GLSG,"Grey, Beige",,#c2bfb9,
Vanities,Select Countertop Color,Countertop Color,Countertops materials,Creta 416 GL,Creta 416 GL,material,Glass GL,416 GL,GLSG,"Grey, Brown",,#8b8781,
Vanities,Select Countertop Color,Countertop Color,Countertops materials,Zaffiro 411 GL,Zaffiro 411 GL,material,Glass GL,411 GL,GLSG,Blue,,#275871,
Vanities,Select Countertop Color,Countertop Color,Countertops materials,Turchese 410 GL,Turchese 410 GL,material,Glass GL,410 GL,GLSG,"Blue, Green",,#7aa3a0,
Vanities,Select Countertop Color,Countertop Color,Countertops materials,Asparago 414 GL,Asparago 414 GL,material,Glass GL,414 GL,GLSG,Green,,#a3a793,
Vanities,Select Countertop Color,Countertop Color,Countertops materials,Zafferano 412 GL,Zafferano 412 GL,material,Glass GL,412 GL,GLSG,Yellow,,#dbbb55,
Vanities,Select Vessel Color,Vessel Color,Vessel color,Grigio Argento 403 MT,Grigio Argento 403 MT,material,Lacquered MT,403 MT,LACM,Grey,,#b8b7b7,
Vanities,Select Vessel Color,Vessel Color,Vessel color,Nebbia 402 MT,Nebbia 402 MT,material,Lacquered MT,402 MT,LACM,Grey,,#b6b5b5,
Vanities,Select Vessel Color,Vessel Color,Vessel color,Seta 406 MT,Seta 406 MT,material,Lacquered MT,406 MT,LACM,"Grey, Beige",,#cfcfc8,
Vanities,Select Vessel Color,Vessel Color,Vessel color,Moka 408 MT,Moka 408 MT,material,Lacquered MT,408 MT,LACM,Brown,,#a8a294,
Vanities,Select Vessel Color,Vessel Color,Vessel color,Ponente 418 MT,Ponente 418 MT,material,Lacquered MT,418 MT,LACM,"Grey, Blue",,#9ca8a9,
Vanities,Select Vessel Color,Vessel Color,Vessel color,Acqua 419 MT,Acqua 419 MT,material,Lacquered MT,419 MT,LACM,Blue,,#7098ab,
Vanities,Select Vessel Color,Vessel Color,Vessel color,Salvia 415 MT,Salvia 415 MT,material,Lacquered MT,415 MT,LACM,Green,,#89938a,
Vanities,Select Vessel Color,Vessel Color,Vessel color,Ambra 413 MT,Ambra 413 MT,material,Lacquered MT,413 MT,LACM,Orange,,#d58c44,
Vanities,Select Vessel Color,Vessel Color,Vessel color,Latte 417 MT,Latte 417 MT,material,Lacquered MT,417 MT,LACM,White,,#dadad8,
Vanities,Select Vessel Color,Vessel Color,Vessel color,Fumo 401 MT,Fumo 401 MT,material,Lacquered MT,401 MT,LACM,Grey,,#8c8b87,
Vanities,Select Vessel Color,Vessel Color,Vessel color,Metropoli 404 MT,Metropoli 404 MT,material,Lacquered MT,404 MT,LACM,Grey,,#71706d,
Vanities,Select Vessel Color,Vessel Color,Vessel color,Antracite 400 MT,Antracite 400 MT,material,Lacquered MT,400 MT,LACM,Black,,#414144,
Vanities,Select Vessel Color,Vessel Color,Vessel color,Nero 433 MT,Nero 433 MT,material,Lacquered MT,433 MT,LACM,Black,,#1f1f20,
Vanities,Select Vessel Color,Vessel Color,Vessel color,Sabbia 405 MT,Sabbia 405 MT,material,Lacquered MT,405 MT,LACM,Beige,,#cdcabf,
Vanities,Select Vessel Color,Vessel Color,Vessel color,Agata 407 MT,Agata 407 MT,material,Lacquered MT,407 MT,LACM,"Grey, Beige",,#c2bfb9,
Vanities,Select Vessel Color,Vessel Color,Vessel color,Creta 416 MT,Creta 416 MT,material,Lacquered MT,416 MT,LACM,"Grey, Brown",,#8b8781,
Vanities,Select Vessel Color,Vessel Color,Vessel color,Zaffiro 411 MT,Zaffiro 411 MT,material,Lacquered MT,411 MT,LACM,Blue,,#275871,
Vanities,Select Vessel Color,Vessel Color,Vessel color,Turchese 410 MT,Turchese 410 MT,material,Lacquered MT,410 MT,LACM,"Blue, Green",,#7aa3a0,
Vanities,Select Vessel Color,Vessel Color,Vessel color,Asparago 414 MT,Asparago 414 MT,material,Lacquered MT,414 MT,LACM,Green,,#a3a793,
Vanities,Select Vessel Color,Vessel Color,Vessel color,Zafferano 412 MT,Zafferano 412 MT,material,Lacquered MT,412 MT,LACM,Yellow,,#dbbb55,
Vanities,Select Vessel Color,Vessel Color,Vessel color,Grigio Argento 403 GL,Grigio Argento 403 GL,material,Lacquered GL,403 GL,LACG,Grey,,#b8b7b7,
Vanities,Select Vessel Color,Vessel Color,Vessel color,Nebbia 402 GL,Nebbia 402 GL,material,Lacquered GL,402 GL,LACG,Grey,,#b6b5b5,
Vanities,Select Vessel Color,Vessel Color,Vessel color,Seta 406 GL,Seta 406 GL,material,Lacquered GL,406 GL,LACG,"Grey, Beige",,#cfcfc8,
Vanities,Select Vessel Color,Vessel Color,Vessel color,Moka 408 GL,Moka 408 GL,material,Lacquered GL,408 GL,LACG,Brown,,#a8a294,
Vanities,Select Vessel Color,Vessel Color,Vessel color,Ponente 418 GL,Ponente 418 GL,material,Lacquered GL,418 GL,LACG,"Grey, Blue",,#9ca8a9,
Vanities,Select Vessel Color,Vessel Color,Vessel color,Acqua 419 GL,Acqua 419 GL,material,Lacquered GL,419 GL,LACG,Blue,,#7098ab,
Vanities,Select Vessel Color,Vessel Color,Vessel color,Salvia 415 GL,Salvia 415 GL,material,Lacquered GL,415 GL,LACG,Green,,#89938a,
Vanities,Select Vessel Color,Vessel Color,Vessel color,Ambra 413 GL,Ambra 413 GL,material,Lacquered GL,413 GL,LACG,Orange,,#d58c44,
Vanities,Select Vessel Color,Vessel Color,Vessel color,Latte 417 GL,Latte 417 GL,material,Lacquered GL,417 GL,LACG,White,,#dadad8,
Vanities,Select Vessel Color,Vessel Color,Vessel color,Fumo 401 GL,Fumo 401 GL,material,Lacquered GL,401 GL,LACG,Grey,,#8c8b87,
Vanities,Select Vessel Color,Vessel Color,Vessel color,Metropoli 404 GL,Metropoli 404 GL,material,Lacquered GL,404 GL,LACG,Grey,,#71706d,
Vanities,Select Vessel Color,Vessel Color,Vessel color,Antracite 400 GL,Antracite 400 GL,material,Lacquered GL,400 GL,LACG,Black,,#414144,
Vanities,Select Vessel Color,Vessel Color,Vessel color,Nero 433 GL,Nero 433 GL,material,Lacquered GL,433 GL,LACG,Black,,#1f1f20,
Vanities,Select Vessel Color,Vessel Color,Vessel color,Sabbia 405 GL,Sabbia 405 GL,material,Lacquered GL,405 GL,LACG,Beige,,#cdcabf,
Vanities,Select Vessel Color,Vessel Color,Vessel color,Agata 407 GL,Agata 407 GL,material,Lacquered GL,407 GL,LACG,"Grey, Beige",,#c2bfb9,
Vanities,Select Vessel Color,Vessel Color,Vessel color,Creta 416 GL,Creta 416 GL,material,Lacquered GL,416 GL,LACG,"Grey, Brown",,#8b8781,
Vanities,Select Vessel Color,Vessel Color,Vessel color,Zaffiro 411 GL,Zaffiro 411 GL,material,Lacquered GL,411 GL,LACG,Blue,,#275871,
Vanities,Select Vessel Color,Vessel Color,Vessel color,Turchese 410 GL,Turchese 410 GL,material,Lacquered GL,410 GL,LACG,"Blue, Green",,#7aa3a0,
Vanities,Select Vessel Color,Vessel Color,Vessel color,Asparago 414 GL,Asparago 414 GL,material,Lacquered GL,414 GL,LACG,Green,,#a3a793,
Vanities,Select Vessel Color,Vessel Color,Vessel color,Zafferano 412 GL,Zafferano 412 GL,material,Lacquered GL,412 GL,LACG,Yellow,,#dbbb55,
Vanities,Select Leg Cap Color,Leg Cap Color,Leg cap color,Gold,Gold,material,Metal,GLD,MTL,,,,https://preview.threekit.com/api/files/hash/sha256-fc0fed17c0b91219c6b5839c3926027fade03e3576db2857d63d7d73407026e9
Vanities,Select Leg Cap Color,Leg Cap Color,Leg cap color,Silver,Silver,material,Metal,SLV,MTL,,,,https://preview.threekit.com/api/files/hash/sha256-89188e8c640857dd5245e8377ed22f8eb03ba0a4a649e92bfcd5d51734309363
Vanities,Select Leg Cap Color,Leg Cap Color,Leg cap color,Grigio Argento 403 MT,Grigio Argento 403 MT,material,Lacquered MT,403 MT,LACM,Grey,,#b8b7b7,
Vanities,Select Leg Cap Color,Leg Cap Color,Leg cap color,Nebbia 402 MT,Nebbia 402 MT,material,Lacquered MT,402 MT,LACM,Grey,,#b6b5b5,
Vanities,Select Leg Cap Color,Leg Cap Color,Leg cap color,Seta 406 MT,Seta 406 MT,material,Lacquered MT,406 MT,LACM,"Grey, Beige",,#cfcfc8,
Vanities,Select Leg Cap Color,Leg Cap Color,Leg cap color,Moka 408 MT,Moka 408 MT,material,Lacquered MT,408 MT,LACM,Brown,,#a8a294,
Vanities,Select Leg Cap Color,Leg Cap Color,Leg cap color,Ponente 418 MT,Ponente 418 MT,material,Lacquered MT,418 MT,LACM,"Grey, Blue",,#9ca8a9,
Vanities,Select Leg Cap Color,Leg Cap Color,Leg cap color,Acqua 419 MT,Acqua 419 MT,material,Lacquered MT,419 MT,LACM,Blue,,#7098ab,
Vanities,Select Leg Cap Color,Leg Cap Color,Leg cap color,Salvia 415 MT,Salvia 415 MT,material,Lacquered MT,415 MT,LACM,Green,,#89938a,
Vanities,Select Leg Cap Color,Leg Cap Color,Leg cap color,Ambra 413 MT,Ambra 413 MT,material,Lacquered MT,413 MT,LACM,Orange,,#d58c44,
Vanities,Select Leg Cap Color,Leg Cap Color,Leg cap color,Latte 417 MT,Latte 417 MT,material,Lacquered MT,417 MT,LACM,White,,#dadad8,
Vanities,Select Leg Cap Color,Leg Cap Color,Leg cap color,Fumo 401 MT,Fumo 401 MT,material,Lacquered MT,401 MT,LACM,Grey,,#8c8b87,
Vanities,Select Leg Cap Color,Leg Cap Color,Leg cap color,Metropoli 404 MT,Metropoli 404 MT,material,Lacquered MT,404 MT,LACM,Grey,,#71706d,
Vanities,Select Leg Cap Color,Leg Cap Color,Leg cap color,Antracite 400 MT,Antracite 400 MT,material,Lacquered MT,400 MT,LACM,Black,,#414144,
Vanities,Select Leg Cap Color,Leg Cap Color,Leg cap color,Nero 433 MT,Nero 433 MT,material,Lacquered MT,433 MT,LACM,Black,,#1f1f20,
Vanities,Select Leg Cap Color,Leg Cap Color,Leg cap color,Sabbia 405 MT,Sabbia 405 MT,material,Lacquered MT,405 MT,LACM,Beige,,#cdcabf,
Vanities,Select Leg Cap Color,Leg Cap Color,Leg cap color,Agata 407 MT,Agata 407 MT,material,Lacquered MT,407 MT,LACM,"Grey, Beige",,#c2bfb9,
Vanities,Select Leg Cap Color,Leg Cap Color,Leg cap color,Creta 416 MT,Creta 416 MT,material,Lacquered MT,416 MT,LACM,"Grey, Brown",,#8b8781,
Vanities,Select Leg Cap Color,Leg Cap Color,Leg cap color,Zaffiro 411 MT,Zaffiro 411 MT,material,Lacquered MT,411 MT,LACM,Blue,,#275871,
Vanities,Select Leg Cap Color,Leg Cap Color,Leg cap color,Turchese 410 MT,Turchese 410 MT,material,Lacquered MT,410 MT,LACM,"Blue, Green",,#7aa3a0,
Vanities,Select Leg Cap Color,Leg Cap Color,Leg cap color,Asparago 414 MT,Asparago 414 MT,material,Lacquered MT,414 MT,LACM,Green,,#a3a793,
Vanities,Select Leg Cap Color,Leg Cap Color,Leg cap color,Zafferano 412 MT,Zafferano 412 MT,material,Lacquered MT,412 MT,LACM,Yellow,,#dbbb55,
