"ProductID"	"OptionID"	"SelectionID"	"applyFilter"	"ProductName"	"ProductType (for Catalog)"	"UICategory"	"UICategoryOrder"	"UIGroupingOptionName"	"UIGroupingOrder"	"3DOptionName"	"UIOptionNameLabel"	"UIOptionOrder"	"3DOptionValue"	"UIOptionValueLabel"	"typeUI"	"groupUI"	"SelectionType"	"UIOptionValueStyleFilters"
"TRICOT"	""	""	""	"Tricot Vanity"	"Vanities"	"Select Model"	"1"	"Model"	"1"	"Model"	"Model"	"3"	"Tricot 24 1DW_24"	"Tricot Vanity · 24'' 1-Drawer"	"list"	"Choose Model"	""	"1-Drawer, Single basin"
"TRICOT"	""	""	""	"Tricot Vanity"	"Vanities"	"Select Model"	"1"	"Model"	"1"	"Model"	"Model"	"3"	"Tricot 32 1DWID_30"	"Tricot Vanity · 32'' 1-Drawer ID"	"list"	"Choose Model"	""	"1-Drawer, Single basin"
"TRICOT"	""	""	""	"Tricot Vanity"	"Vanities"	"Select Model"	"1"	"Model"	"1"	"Model"	"Model"	"3"	"Tricot 32 2DW_30"	"Tricot Vanity · 32'' 2-Drawer"	"list"	"Choose Model"	""	"2-Drawer, Single basin"
"TRICOT"	""	""	""	"Tricot Vanity"	"Vanities"	"Select Model"	"1"	"Model"	"1"	"Model"	"Model"	"3"	"Tricot 40 1DW_40"	"Tricot Vanity · 40'' 1-Drawer"	"list"	"Choose Model"	""	"1-Drawer, Single basin, Asymmetrical"
"TRICOT"	""	""	""	"Tricot Vanity"	"Vanities"	"Select Model"	"1"	"Model"	"1"	"Model"	"Model"	"3"	"Tricot 40 1DW 1_40"	"Tricot Vanity · 40'' 1-Drawer 1"	"list"	"Choose Model"	""	"1-Drawer, Single basin, Asymmetrical"
"TRICOT"	""	""	""	"Tricot Vanity"	"Vanities"	"Select Model"	"1"	"Model"	"1"	"Model"	"Model"	"3"	"Tricot 40 2DW_40"	"Tricot Vanity · 40'' 2-Drawer"	"list"	"Choose Model"	""	"2-Drawer, Single basin"
"TRICOT"	""	""	""	"Tricot Vanity"	"Vanities"	"Select Model"	"1"	"Model"	"1"	"Model"	"Model"	"3"	"Tricot 48 1DW_40"	"Tricot Vanity · 48'' 1-Drawer"	"list"	"Choose Model"	""	"1-Drawer, Single basin, Asymmetrical"
"TRICOT"	""	""	""	"Tricot Vanity"	"Vanities"	"Select Model"	"1"	"Model"	"1"	"Model"	"Model"	"3"	"Tricot 48 1DW 1_40"	"Tricot Vanity · 48'' 1-Drawer 1"	"list"	"Choose Model"	""	"1-Drawer, Double basin"
"TRICOT"	""	""	""	"Tricot Vanity"	"Vanities"	"Select Model"	"1"	"Model"	"1"	"Model"	"Model"	"3"	"Tricot 48 1DWID_40"	"Tricot Vanity · 48'' 1-Drawer ID"	"list"	"Choose Model"	""	"1-Drawer, Single basin"
"TRICOT"	""	""	""	"Tricot Vanity"	"Vanities"	"Select Model"	"1"	"Model"	"1"	"Model"	"Model"	"3"	"Tricot 48 2DW_40"	"Tricot Vanity · 48'' 2-Drawer"	"list"	"Choose Model"	""	"2-Drawer, Single basin, Asymmetrical"
"TRICOT"	""	""	""	"Tricot Vanity"	"Vanities"	"Select Model"	"1"	"Model"	"1"	"Model"	"Model"	"3"	"Tricot 48 2DW 1_40"	"Tricot Vanity · 48'' 2-Drawer 1"	"list"	"Choose Model"	""	"2-Drawer, Single basin"
"TRICOT"	""	""	""	"Tricot Vanity"	"Vanities"	"Select Model"	"1"	"Model"	"1"	"Model"	"Model"	"3"	"Tricot 55 1DW_50"	"Tricot Vanity · 55'' 1-Drawer"	"list"	"Choose Model"	""	"1-Drawer, Single basin, Asymmetrical"
"TRICOT"	""	""	""	"Tricot Vanity"	"Vanities"	"Select Model"	"1"	"Model"	"1"	"Model"	"Model"	"3"	"Tricot 55 1DW 1_50"	"Tricot Vanity · 55'' 1-Drawer 1"	"list"	"Choose Model"	""	"1-Drawer, Single basin"
"TRICOT"	""	""	""	"Tricot Vanity"	"Vanities"	"Select Model"	"1"	"Model"	"1"	"Model"	"Model"	"3"	"Tricot 55 1DW 2_50"	"Tricot Vanity · 55'' 1-Drawer 2"	"list"	"Choose Model"	""	"1-Drawer, Single basin, Asymmetrical"
"TRICOT"	""	""	""	"Tricot Vanity"	"Vanities"	"Select Model"	"1"	"Model"	"1"	"Model"	"Model"	"3"	"Tricot 55 1DWID_50"	"Tricot Vanity · 55'' 1-Drawer ID"	"list"	"Choose Model"	""	"1-Drawer, Single basin, Asymmetrical"
"TRICOT"	""	""	""	"Tricot Vanity"	"Vanities"	"Select Model"	"1"	"Model"	"1"	"Model"	"Model"	"3"	"Tricot 55 2DW_50"	"Tricot Vanity · 55'' 2-Drawer"	"list"	"Choose Model"	""	"2-Drawer, Single basin, Asymmetrical"
"TRICOT"	""	""	""	"Tricot Vanity"	"Vanities"	"Select Model"	"1"	"Model"	"1"	"Model"	"Model"	"3"	"Tricot 55 2DW 1_50"	"Tricot Vanity · 55'' 2-Drawer 1"	"list"	"Choose Model"	""	"2-Drawer, Single basin, Asymmetrical"
"TRICOT"	""	""	""	"Tricot Vanity"	"Vanities"	"Select Model"	"1"	"Model"	"1"	"Model"	"Model"	"3"	"Tricot 63 1DW_60"	"Tricot Vanity · 63'' 1-Drawer"	"list"	"Choose Model"	""	"1-Drawer, Double basin"
"TRICOT"	""	""	""	"Tricot Vanity"	"Vanities"	"Select Model"	"1"	"Model"	"1"	"Model"	"Model"	"3"	"Tricot 63 1DW 1_60"	"Tricot Vanity · 63'' 1-Drawer 1"	"list"	"Choose Model"	""	"1-Drawer, Single basin, Asymmetrical"
"TRICOT"	""	""	""	"Tricot Vanity"	"Vanities"	"Select Model"	"1"	"Model"	"1"	"Model"	"Model"	"3"	"Tricot 63 1DW 2_60"	"Tricot Vanity · 63'' 1-Drawer 2"	"list"	"Choose Model"	""	"1-Drawer, Single basin"
"TRICOT"	""	""	""	"Tricot Vanity"	"Vanities"	"Select Model"	"1"	"Model"	"1"	"Model"	"Model"	"3"	"Tricot 63 1DW 3_60"	"Tricot Vanity · 63'' 1-Drawer 3"	"list"	"Choose Model"	""	"1-Drawer, Single basin, Asymmetrical"
"TRICOT"	""	""	""	"Tricot Vanity"	"Vanities"	"Select Model"	"1"	"Model"	"1"	"Model"	"Model"	"3"	"Tricot 63 1DW 4_60"	"Tricot Vanity · 63'' 1-Drawer 4"	"list"	"Choose Model"	""	"1-Drawer, Single basin, Asymmetrical"
"TRICOT"	""	""	""	"Tricot Vanity"	"Vanities"	"Select Model"	"1"	"Model"	"1"	"Model"	"Model"	"3"	"Tricot 63 2DW_60"	"Tricot Vanity · 63'' 2-Drawer"	"list"	"Choose Model"	""	"2-Drawer, Double basin"
"TRICOT"	""	""	""	"Tricot Vanity"	"Vanities"	"Select Model"	"1"	"Model"	"1"	"Model"	"Model"	"3"	"Tricot 63 2DW 1_60"	"Tricot Vanity · 63'' 2-Drawer 1"	"list"	"Choose Model"	""	"2-Drawer, Single basin, Asymmetrical"
"TRICOT"	""	""	""	"Tricot Vanity"	"Vanities"	"Select Model"	"1"	"Model"	"1"	"Model"	"Model"	"3"	"Tricot 63 2DW 2_60"	"Tricot Vanity · 63'' 2-Drawer 2"	"list"	"Choose Model"	""	"2-Drawer, Single basin, Asymmetrical"
"TRICOT"	""	""	""	"Tricot Vanity"	"Vanities"	"Select Model"	"1"	"Model"	"1"	"Model"	"Model"	"3"	"Tricot 71 1DW_70"	"Tricot Vanity · 71'' 1-Drawer"	"list"	"Choose Model"	""	"1-Drawer, Single basin"
"TRICOT"	""	""	""	"Tricot Vanity"	"Vanities"	"Select Model"	"1"	"Model"	"1"	"Model"	"Model"	"3"	"Tricot 71 2DW_70"	"Tricot Vanity · 71'' 2-Drawer"	"list"	"Choose Model"	""	"2-Drawer, Single basin"
"TRICOT"	""	""	""	"Tricot Vanity"	"Vanities"	"Select Model"	"1"	"Model"	"1"	"Model"	"Model"	"3"	"Tricot 79 1DW_70"	"Tricot Vanity · 79'' 1-Drawer"	"list"	"Choose Model"	""	"1-Drawer, Single basin, Asymmetrical"
"TRICOT"	""	""	""	"Tricot Vanity"	"Vanities"	"Select Model"	"1"	"Model"	"1"	"Model"	"Model"	"3"	"Tricot 79 1DW 1_70"	"Tricot Vanity · 79'' 1-Drawer 1"	"list"	"Choose Model"	""	"1-Drawer, Double basin"
"TRICOT"	""	""	""	"Tricot Vanity"	"Vanities"	"Select Model"	"1"	"Model"	"1"	"Model"	"Model"	"3"	"Tricot 79 1DW 2_70"	"Tricot Vanity · 79'' 1-Drawer 2"	"list"	"Choose Model"	""	"1-Drawer, Single basin, Asymmetrical"
"TRICOT"	""	""	""	"Tricot Vanity"	"Vanities"	"Select Model"	"1"	"Model"	"1"	"Model"	"Model"	"3"	"Tricot 79 1DW 3_70"	"Tricot Vanity · 79'' 1-Drawer 3"	"list"	"Choose Model"	""	"1-Drawer, Single basin, Asymmetrical"
"TRICOT"	""	""	""	"Tricot Vanity"	"Vanities"	"Select Model"	"1"	"Model"	"1"	"Model"	"Model"	"3"	"Tricot 79 2DW_70"	"Tricot Vanity · 79'' 2-Drawer"	"list"	"Choose Model"	""	"2-Drawer, Double basin"
"TRICOT"	""	""	""	"Tricot Vanity"	"Vanities"	"Select Model"	"1"	"Model"	"1"	"Model"	"Model"	"3"	"Tricot 79 2DW 1_70"	"Tricot Vanity · 79'' 2-Drawer 1"	"list"	"Choose Model"	""	"2-Drawer, Single basin, Asymmetrical"
"TRICOT"	""	""	""	"Tricot Vanity"	"Vanities"	"Select Model"	"1"	"Model"	"1"	"Model"	"Model"	"3"	"Tricot 87 1DW_80"	"Tricot Vanity · 87'' 1-Drawer"	"list"	"Choose Model"	""	"1-Drawer, Double basin"
"TRICOT"	""	""	""	"Tricot Vanity"	"Vanities"	"Select Model"	"1"	"Model"	"1"	"Model"	"Model"	"3"	"Tricot 87 1DW 1_80"	"Tricot Vanity · 87'' 1-Drawer 1"	"list"	"Choose Model"	""	"1-Drawer, Double basin"
"TRICOT"	""	""	""	"Tricot Vanity"	"Vanities"	"Select Model"	"1"	"Model"	"1"	"Model"	"Model"	"3"	"Tricot 87 1DW 2_80"	"Tricot Vanity · 87'' 1-Drawer 2"	"list"	"Choose Model"	""	"1-Drawer, Single basin, Asymmetrical"
"TRICOT"	""	""	""	"Tricot Vanity"	"Vanities"	"Select Model"	"1"	"Model"	"1"	"Model"	"Model"	"3"	"Tricot 87 1DW 3_80"	"Tricot Vanity · 87'' 1-Drawer 3"	"list"	"Choose Model"	""	"1-Drawer, Single basin, Asymmetrical"
"TRICOT"	""	""	""	"Tricot Vanity"	"Vanities"	"Select Model"	"1"	"Model"	"1"	"Model"	"Model"	"3"	"Tricot 87 1DW 4_80"	"Tricot Vanity · 87'' 1-Drawer 4"	"list"	"Choose Model"	""	"1-Drawer, Single basin"
"TRICOT"	""	""	""	"Tricot Vanity"	"Vanities"	"Select Model"	"1"	"Model"	"1"	"Model"	"Model"	"3"	"Tricot 87 2DW_80"	"Tricot Vanity · 87'' 2-Drawer"	"list"	"Choose Model"	""	"2-Drawer, Double basin"
"TRICOT"	""	""	""	"Tricot Vanity"	"Vanities"	"Select Model"	"1"	"Model"	"1"	"Model"	"Model"	"3"	"Tricot 87 2DW 1_80"	"Tricot Vanity · 87'' 2-Drawer 1"	"list"	"Choose Model"	""	"2-Drawer, Single basin, Asymmetrical"
"TRICOT"	""	""	""	"Tricot Vanity"	"Vanities"	"Select Model"	"1"	"Model"	"1"	"Model"	"Model"	"3"	"Tricot 87 2DW 2_80"	"Tricot Vanity · 87'' 2-Drawer 2"	"list"	"Choose Model"	""	"2-Drawer, Single basin, Asymmetrical"
"TRICOT"	""	""	""	"Tricot Vanity"	"Vanities"	"Select Model"	"1"	"Model"	"1"	"Model"	"Model"	"3"	"Tricot 87 2DW 3_80"	"Tricot Vanity · 87'' 2-Drawer 3"	"list"	"Choose Model"	""	"2-Drawer, Single basin"
"TRICOT"	""	""	""	"Tricot Vanity"	"Vanities"	"Select Model"	"1"	"Model"	"1"	"Style"	"Style"	"2"	"1-Drawer"	"1-Drawer"	"filtration"	"Choose Model"	""	""
"TRICOT"	""	""	""	"Tricot Vanity"	"Vanities"	"Select Model"	"1"	"Model"	"1"	"Style"	"Style"	"2"	"2-Drawer"	"2-Drawer"	"filtration"	"Choose Model"	""	""
"TRICOT"	""	""	""	"Tricot Vanity"	"Vanities"	"Select Model"	"1"	"Model"	"1"	"Style"	"Style"	"2"	"Single basin"	"Single basin"	"filtration"	"Choose Model"	""	""
"TRICOT"	""	""	""	"Tricot Vanity"	"Vanities"	"Select Model"	"1"	"Model"	"1"	"Style"	"Style"	"2"	"Double basin"	"Double basin"	"filtration"	"Choose Model"	""	""
"TRICOT"	""	""	""	"Tricot Vanity"	"Vanities"	"Select Model"	"1"	"Model"	"1"	"Style"	"Style"	"2"	"Asymmetrical"	"Asymmetrical"	"filtration"	"Choose Model"	""	""
"TRICOT"	""	""	""	"Tricot Vanity"	"Vanities"	"Select Model"	"1"	"Model"	"1"	"Conceptsize"	"Size"	"1"	"24"	"24-29"""	"filtration"	"Choose Model"	""	""
"TRICOT"	""	""	""	"Tricot Vanity"	"Vanities"	"Select Model"	"1"	"Model"	"1"	"Conceptsize"	"Size"	"1"	"30"	"30-39"""	"filtration"	"Choose Model"	""	""
"TRICOT"	""	""	""	"Tricot Vanity"	"Vanities"	"Select Model"	"1"	"Model"	"1"	"Conceptsize"	"Size"	"1"	"40"	"40-49"""	"filtration"	"Choose Model"	""	""
"TRICOT"	""	""	""	"Tricot Vanity"	"Vanities"	"Select Model"	"1"	"Model"	"1"	"Conceptsize"	"Size"	"1"	"50"	"50-59"""	"filtration"	"Choose Model"	""	""
"TRICOT"	""	""	""	"Tricot Vanity"	"Vanities"	"Select Model"	"1"	"Model"	"1"	"Conceptsize"	"Size"	"1"	"60"	"60-69"""	"filtration"	"Choose Model"	""	""
"TRICOT"	""	""	""	"Tricot Vanity"	"Vanities"	"Select Model"	"1"	"Model"	"1"	"Conceptsize"	"Size"	"1"	"70"	"70-79"""	"filtration"	"Choose Model"	""	""
"TRICOT"	""	""	""	"Tricot Vanity"	"Vanities"	"Select Model"	"1"	"Model"	"1"	"Conceptsize"	"Size"	"1"	"80"	"80-89"""	"filtration"	"Choose Model"	""	""
"TRICOT"	""	""	""	"Tricot Vanity"	"Vanities"	"Select Cabinet Color"	"2"	"Cabinet Color"	"1"	"Cabinet Color"	"Color"	"1"	"Grigio Argento 403 MT"	"Grigio Argento 403 MT"	"material"	""	"Lacquered MT"	""
"TRICOT"	""	""	""	"Tricot Vanity"	"Vanities"	"Select Cabinet Color"	"2"	"Cabinet Color"	"1"	"Cabinet Color"	"Color"	"1"	"Nebbia 402 MT"	"Nebbia 402 MT"	"material"	""	"Lacquered MT"	""
"TRICOT"	""	""	""	"Tricot Vanity"	"Vanities"	"Select Cabinet Color"	"2"	"Cabinet Color"	"1"	"Cabinet Color"	"Color"	"1"	"Seta 406 MT"	"Seta 406 MT"	"material"	""	"Lacquered MT"	""
"TRICOT"	""	""	""	"Tricot Vanity"	"Vanities"	"Select Cabinet Color"	"2"	"Cabinet Color"	"1"	"Cabinet Color"	"Color"	"1"	"Moka 408 MT"	"Moka 408 MT"	"material"	""	"Lacquered MT"	""
"TRICOT"	""	""	""	"Tricot Vanity"	"Vanities"	"Select Cabinet Color"	"2"	"Cabinet Color"	"1"	"Cabinet Color"	"Color"	"1"	"Ponente 418 MT"	"Ponente 418 MT"	"material"	""	"Lacquered MT"	""
"TRICOT"	""	""	""	"Tricot Vanity"	"Vanities"	"Select Cabinet Color"	"2"	"Cabinet Color"	"1"	"Cabinet Color"	"Color"	"1"	"Acqua 419 MT"	"Acqua 419 MT"	"material"	""	"Lacquered MT"	""
"TRICOT"	""	""	""	"Tricot Vanity"	"Vanities"	"Select Cabinet Color"	"2"	"Cabinet Color"	"1"	"Cabinet Color"	"Color"	"1"	"Salvia 415 MT"	"Salvia 415 MT"	"material"	""	"Lacquered MT"	""
"TRICOT"	""	""	""	"Tricot Vanity"	"Vanities"	"Select Cabinet Color"	"2"	"Cabinet Color"	"1"	"Cabinet Color"	"Color"	"1"	"Ambra 413 MT"	"Ambra 413 MT"	"material"	""	"Lacquered MT"	""
"TRICOT"	""	""	""	"Tricot Vanity"	"Vanities"	"Select Cabinet Color"	"2"	"Cabinet Color"	"1"	"Cabinet Color"	"Color"	"1"	"Latte 417 MT"	"Latte 417 MT"	"material"	""	"Lacquered MT"	""
"TRICOT"	""	""	""	"Tricot Vanity"	"Vanities"	"Select Cabinet Color"	"2"	"Cabinet Color"	"1"	"Cabinet Color"	"Color"	"1"	"Fumo 401 MT"	"Fumo 401 MT"	"material"	""	"Lacquered MT"	""
"TRICOT"	""	""	""	"Tricot Vanity"	"Vanities"	"Select Cabinet Color"	"2"	"Cabinet Color"	"1"	"Cabinet Color"	"Color"	"1"	"Metropoli 404 MT"	"Metropoli 404 MT"	"material"	""	"Lacquered MT"	""
"TRICOT"	""	""	""	"Tricot Vanity"	"Vanities"	"Select Cabinet Color"	"2"	"Cabinet Color"	"1"	"Cabinet Color"	"Color"	"1"	"Antracite 400 MT"	"Antracite 400 MT"	"material"	""	"Lacquered MT"	""
"TRICOT"	""	""	""	"Tricot Vanity"	"Vanities"	"Select Cabinet Color"	"2"	"Cabinet Color"	"1"	"Cabinet Color"	"Color"	"1"	"Nero 433 MT"	"Nero 433 MT"	"material"	""	"Lacquered MT"	""
"TRICOT"	""	""	""	"Tricot Vanity"	"Vanities"	"Select Cabinet Color"	"2"	"Cabinet Color"	"1"	"Cabinet Color"	"Color"	"1"	"Sabbia 405 MT"	"Sabbia 405 MT"	"material"	""	"Lacquered MT"	""
"TRICOT"	""	""	""	"Tricot Vanity"	"Vanities"	"Select Cabinet Color"	"2"	"Cabinet Color"	"1"	"Cabinet Color"	"Color"	"1"	"Agata 407 MT"	"Agata 407 MT"	"material"	""	"Lacquered MT"	""
"TRICOT"	""	""	""	"Tricot Vanity"	"Vanities"	"Select Cabinet Color"	"2"	"Cabinet Color"	"1"	"Cabinet Color"	"Color"	"1"	"Creta 416 MT"	"Creta 416 MT"	"material"	""	"Lacquered MT"	""
"TRICOT"	""	""	""	"Tricot Vanity"	"Vanities"	"Select Cabinet Color"	"2"	"Cabinet Color"	"1"	"Cabinet Color"	"Color"	"1"	"Zaffiro 411 MT"	"Zaffiro 411 MT"	"material"	""	"Lacquered MT"	""
"TRICOT"	""	""	""	"Tricot Vanity"	"Vanities"	"Select Cabinet Color"	"2"	"Cabinet Color"	"1"	"Cabinet Color"	"Color"	"1"	"Turchese 410 MT"	"Turchese 410 MT"	"material"	""	"Lacquered MT"	""
"TRICOT"	""	""	""	"Tricot Vanity"	"Vanities"	"Select Cabinet Color"	"2"	"Cabinet Color"	"1"	"Cabinet Color"	"Color"	"1"	"Asparago 414 MT"	"Asparago 414 MT"	"material"	""	"Lacquered MT"	""
"TRICOT"	""	""	""	"Tricot Vanity"	"Vanities"	"Select Cabinet Color"	"2"	"Cabinet Color"	"1"	"Cabinet Color"	"Color"	"1"	"Zafferano 412 MT"	"Zafferano 412 MT"	"material"	""	"Lacquered MT"	""
"TRICOT"	""	""	""	"Tricot Vanity"	"Vanities"	"Select Cabinet Color"	"2"	"Cabinet Color"	"1"	"Cabinet Color"	"Color"	"1"	"Noce Canaletto 933"	"Noce Canaletto 933"	"material"	""	"Wood Veneer"	""
"TRICOT"	""	""	""	"Tricot Vanity"	"Vanities"	"Select Cabinet Color"	"2"	"Cabinet Color"	"1"	"Cabinet Color"	"Color"	"1"	"Rovere Oro 932"	"Rovere Oro 932"	"material"	""	"Wood Veneer"	""
"TRICOT"	""	""	""	"Tricot Vanity"	"Vanities"	"Select Cabinet Color"	"2"	"Cabinet Color"	"1"	"Cabinet Color"	"Color"	"1"	"Rovere Termocotto 931"	"Rovere Termocotto 931"	"material"	""	"Wood Veneer"	""
"TRICOT"	""	""	""	"Tricot Vanity"	"Vanities"	"Select Cabinet Pattern"	"3"	"Cabinet Pattern"	"1"	"Cabinet Pattern"	"Cabinet Pattern"	"1"	"Loden"	"Loden"	"image"	""	""	""
"TRICOT"	""	""	""	"Tricot Vanity"	"Vanities"	"Select Cabinet Pattern"	"3"	"Cabinet Pattern"	"1"	"Cabinet Pattern"	"Cabinet Pattern"	"1"	"Cannette"	"Cannete"	"image"	""	""	""
"TRICOT"	""	""	""	"Tricot Vanity"	"Vanities"	"Select Cabinet Pattern"	"3"	"Cabinet Pattern"	"1"	"Cabinet Pattern"	"Cabinet Pattern"	"1"	"Twill"	"Twill"	"image"	""	""	""
"TRICOT"	""	""	""	"Tricot Vanity"	"Vanities"	"Select Cabinet Pattern"	"3"	"Cabinet Pattern"	"1"	"Cabinet Pattern"	"Cabinet Pattern"	"1"	"Gessato"	"Gessato"	"image"	""	""	""
"TRICOT"	""	""	""	"Tricot Vanity"	"Vanities"	"Select Cabinet Pattern"	"3"	"Cabinet Pattern"	"1"	"Cabinet Pattern"	"Cabinet Pattern"	"1"	"Satin"	"Satin"	"image"	""	""	""
"TRICOT"	""	""	""	"Tricot Vanity"	"Vanities"	"Select Handle Groove Color"	"4"	"Handle Groove Color"	"1"	"Handle Color"	"Color"	"1"	"Grigio Argento 403 MT"	"Grigio Argento 403 MT"	"material"	""	"Lacquered MT"	""
"TRICOT"	""	""	""	"Tricot Vanity"	"Vanities"	"Select Handle Groove Color"	"4"	"Handle Groove Color"	"1"	"Handle Color"	"Color"	"1"	"Nebbia 402 MT"	"Nebbia 402 MT"	"material"	""	"Lacquered MT"	""
"TRICOT"	""	""	""	"Tricot Vanity"	"Vanities"	"Select Handle Groove Color"	"4"	"Handle Groove Color"	"1"	"Handle Color"	"Color"	"1"	"Seta 406 MT"	"Seta 406 MT"	"material"	""	"Lacquered MT"	""
"TRICOT"	""	""	""	"Tricot Vanity"	"Vanities"	"Select Handle Groove Color"	"4"	"Handle Groove Color"	"1"	"Handle Color"	"Color"	"1"	"Moka 408 MT"	"Moka 408 MT"	"material"	""	"Lacquered MT"	""
"TRICOT"	""	""	""	"Tricot Vanity"	"Vanities"	"Select Handle Groove Color"	"4"	"Handle Groove Color"	"1"	"Handle Color"	"Color"	"1"	"Ponente 418 MT"	"Ponente 418 MT"	"material"	""	"Lacquered MT"	""
"TRICOT"	""	""	""	"Tricot Vanity"	"Vanities"	"Select Handle Groove Color"	"4"	"Handle Groove Color"	"1"	"Handle Color"	"Color"	"1"	"Acqua 419 MT"	"Acqua 419 MT"	"material"	""	"Lacquered MT"	""
"TRICOT"	""	""	""	"Tricot Vanity"	"Vanities"	"Select Handle Groove Color"	"4"	"Handle Groove Color"	"1"	"Handle Color"	"Color"	"1"	"Salvia 415 MT"	"Salvia 415 MT"	"material"	""	"Lacquered MT"	""
"TRICOT"	""	""	""	"Tricot Vanity"	"Vanities"	"Select Handle Groove Color"	"4"	"Handle Groove Color"	"1"	"Handle Color"	"Color"	"1"	"Ambra 413 MT"	"Ambra 413 MT"	"material"	""	"Lacquered MT"	""
"TRICOT"	""	""	""	"Tricot Vanity"	"Vanities"	"Select Handle Groove Color"	"4"	"Handle Groove Color"	"1"	"Handle Color"	"Color"	"1"	"Latte 417 MT"	"Latte 417 MT"	"material"	""	"Lacquered MT"	""
"TRICOT"	""	""	""	"Tricot Vanity"	"Vanities"	"Select Handle Groove Color"	"4"	"Handle Groove Color"	"1"	"Handle Color"	"Color"	"1"	"Fumo 401 MT"	"Fumo 401 MT"	"material"	""	"Lacquered MT"	""
"TRICOT"	""	""	""	"Tricot Vanity"	"Vanities"	"Select Handle Groove Color"	"4"	"Handle Groove Color"	"1"	"Handle Color"	"Color"	"1"	"Metropoli 404 MT"	"Metropoli 404 MT"	"material"	""	"Lacquered MT"	""
"TRICOT"	""	""	""	"Tricot Vanity"	"Vanities"	"Select Handle Groove Color"	"4"	"Handle Groove Color"	"1"	"Handle Color"	"Color"	"1"	"Antracite 400 MT"	"Antracite 400 MT"	"material"	""	"Lacquered MT"	""
"TRICOT"	""	""	""	"Tricot Vanity"	"Vanities"	"Select Handle Groove Color"	"4"	"Handle Groove Color"	"1"	"Handle Color"	"Color"	"1"	"Nero 433 MT"	"Nero 433 MT"	"material"	""	"Lacquered MT"	""
"TRICOT"	""	""	""	"Tricot Vanity"	"Vanities"	"Select Handle Groove Color"	"4"	"Handle Groove Color"	"1"	"Handle Color"	"Color"	"1"	"Sabbia 405 MT"	"Sabbia 405 MT"	"material"	""	"Lacquered MT"	""
"TRICOT"	""	""	""	"Tricot Vanity"	"Vanities"	"Select Handle Groove Color"	"4"	"Handle Groove Color"	"1"	"Handle Color"	"Color"	"1"	"Agata 407 MT"	"Agata 407 MT"	"material"	""	"Lacquered MT"	""
"TRICOT"	""	""	""	"Tricot Vanity"	"Vanities"	"Select Handle Groove Color"	"4"	"Handle Groove Color"	"1"	"Handle Color"	"Color"	"1"	"Creta 416 MT"	"Creta 416 MT"	"material"	""	"Lacquered MT"	""
"TRICOT"	""	""	""	"Tricot Vanity"	"Vanities"	"Select Handle Groove Color"	"4"	"Handle Groove Color"	"1"	"Handle Color"	"Color"	"1"	"Zaffiro 411 MT"	"Zaffiro 411 MT"	"material"	""	"Lacquered MT"	""
"TRICOT"	""	""	""	"Tricot Vanity"	"Vanities"	"Select Handle Groove Color"	"4"	"Handle Groove Color"	"1"	"Handle Color"	"Color"	"1"	"Turchese 410 MT"	"Turchese 410 MT"	"material"	""	"Lacquered MT"	""
"TRICOT"	""	""	""	"Tricot Vanity"	"Vanities"	"Select Handle Groove Color"	"4"	"Handle Groove Color"	"1"	"Handle Color"	"Color"	"1"	"Asparago 414 MT"	"Asparago 414 MT"	"material"	""	"Lacquered MT"	""
"TRICOT"	""	""	""	"Tricot Vanity"	"Vanities"	"Select Handle Groove Color"	"4"	"Handle Groove Color"	"1"	"Handle Color"	"Color"	"1"	"Zafferano 412 MT"	"Zafferano 412 MT"	"material"	""	"Lacquered MT"	""
"TRICOT"	""	""	""	"Tricot Vanity"	"Vanities"	"Side Panels (optional)"	"5"	"Side Panels"	"1"	"Side Panels"	"Side Panels"	"1"	"Yes"	"Yes"	""	""	""	""
"TRICOT"	""	""	""	"Tricot Vanity"	"Vanities"	"Side Panels (optional)"	"5"	"Side Panels"	"1"	"Side Panels"	"Side Panels"	"1"	"No"	"None"	""	""	""	""
"TRICOT"	""	""	""	"Tricot Vanity"	"Vanities"	"Select Countertop Color"	"6"	"Countertop Color"	"1"	"Countertop Color"	"Color"	"1"	"Matte White"	"Matte White"	"material"	""	"Solid Surface"	""
"TRICOT"	""	""	""	"Tricot Vanity"	"Vanities"	"Select Countertop Color"	"6"	"Countertop Color"	"1"	"Countertop Color"	"Color"	"1"	"Matte White 8cm"	"Matte White 8cm"	"material"	""	"Solid Surface"	""
"TRICOT"	""	""	""	"Tricot Vanity"	"Vanities"	"Select Countertop Color"	"6"	"Countertop Color"	"1"	"Countertop Color"	"Color"	"1"	"CALACATTA 259"	"Calacatta 259"	"material"	""	"HPL"	""
"TRICOT"	""	""	""	"Tricot Vanity"	"Vanities"	"Select Countertop Color"	"6"	"Countertop Color"	"1"	"Countertop Color"	"Color"	"1"	"IMPERO 260"	"Impero 260"	"material"	""	"HPL"	""
"TRICOT"	""	""	""	"Tricot Vanity"	"Vanities"	"Select Countertop Color"	"6"	"Countertop Color"	"1"	"Countertop Color"	"Color"	"1"	"KASPIO ARGENTO 262"	"Kaspio Argento 262"	"material"	""	"HPL"	""
"TRICOT"	""	""	""	"Tricot Vanity"	"Vanities"	"Select Countertop Color"	"6"	"Countertop Color"	"1"	"Countertop Color"	"Color"	"1"	"KASPIO ORO 261"	"Kaspio Oro 261"	"material"	""	"HPL"	""
"TRICOT"	""	""	""	"Tricot Vanity"	"Vanities"	"Select Countertop Color"	"6"	"Countertop Color"	"1"	"Countertop Color"	"Color"	"1"	"NOCE SAVOIA 256"	"Noce Savoia 256"	"material"	""	"HPL"	""
"TRICOT"	""	""	""	"Tricot Vanity"	"Vanities"	"Select Countertop Color"	"6"	"Countertop Color"	"1"	"Countertop Color"	"Color"	"1"	"RIVEL 257"	"Rivel 257"	"material"	""	"HPL"	""
"TRICOT"	""	""	""	"Tricot Vanity"	"Vanities"	"Select Countertop Color"	"6"	"Countertop Color"	"1"	"Countertop Color"	"Color"	"1"	"ROVERE PRUSSIA 255"	"Rovere Prussia 255"	"material"	""	"HPL"	""
"TRICOT"	""	""	""	"Tricot Vanity"	"Vanities"	"Select Countertop Color"	"6"	"Countertop Color"	"1"	"Countertop Color"	"Color"	"1"	"ROVERE SLAVONIA 254"	"Rovere Slavonia 254"	"material"	""	"HPL"	""
"TRICOT"	""	""	""	"Tricot Vanity"	"Vanities"	"Select Countertop Color"	"6"	"Countertop Color"	"1"	"Countertop Color"	"Color"	"1"	"ROVERE TEXAS 264"	"Rovere Texas 264"	"material"	""	"HPL"	""
"TRICOT"	""	""	""	"Tricot Vanity"	"Vanities"	"Select Countertop Color"	"6"	"Countertop Color"	"1"	"Countertop Color"	"Color"	"1"	"SILVER VOYAGE 263"	"Silver Voyage 263"	"material"	""	"HPL"	""
"TRICOT"	""	""	""	"Tricot Vanity"	"Vanities"	"Select Countertop Color"	"6"	"Countertop Color"	"1"	"Countertop Color"	"Color"	"1"	"GRIGIO BROMO 253"	"Grigio Bromo 253"	"material"	""	"HPL"	""
"TRICOT"	""	""	""	"Tricot Vanity"	"Vanities"	"Select Countertop Color"	"6"	"Countertop Color"	"1"	"Countertop Color"	"Color"	"1"	"BIANCO KOS 250"	"Bianco Kos 250"	"material"	""	"HPL"	""
"TRICOT"	""	""	""	"Tricot Vanity"	"Vanities"	"Select Countertop Color"	"6"	"Countertop Color"	"1"	"Countertop Color"	"Color"	"1"	"GRIGIO LONDON 252"	"Grigio London 252"	"material"	""	"HPL"	""
"TRICOT"	""	""	""	"Tricot Vanity"	"Vanities"	"Select Countertop Color"	"6"	"Countertop Color"	"1"	"Countertop Color"	"Color"	"1"	"NERO INGO 251"	"Nero Ingo 251"	"material"	""	"HPL"	""
"TRICOT"	""	""	""	"Tricot Vanity"	"Vanities"	"Select Countertop Color"	"6"	"Countertop Color"	"1"	"Countertop Color"	"Color"	"1"	"CALACATTA BLACK 338"	"Calacatta Black 338"	"material"	""	"Porcelain"	""
"TRICOT"	""	""	""	"Tricot Vanity"	"Vanities"	"Select Countertop Color"	"6"	"Countertop Color"	"1"	"Countertop Color"	"Color"	"1"	"CALACATTA ORO OPACO 331"	"Calacatta Oro Opaco 331"	"material"	""	"Porcelain"	""
"TRICOT"	""	""	""	"Tricot Vanity"	"Vanities"	"Select Countertop Color"	"6"	"Countertop Color"	"1"	"Countertop Color"	"Color"	"1"	"EMPERADOR OPACO 322"	"Emperador Opaco 322"	"material"	""	"Porcelain"	""
"TRICOT"	""	""	""	"Tricot Vanity"	"Vanities"	"Select Countertop Color"	"6"	"Countertop Color"	"1"	"Countertop Color"	"Color"	"1"	"INVISIBLE WHITE OPACO 332"	"Invisible White Opaco 332"	"material"	""	"Porcelain"	""
"TRICOT"	""	""	""	"Tricot Vanity"	"Vanities"	"Select Countertop Color"	"6"	"Countertop Color"	"1"	"Countertop Color"	"Color"	"1"	"INVISIBLE WHITE LUCIDO 334"	"Invisible White Lucido 334"	"material"	""	"Porcelain"	""
"TRICOT"	""	""	""	"Tricot Vanity"	"Vanities"	"Select Countertop Color"	"6"	"Countertop Color"	"1"	"Countertop Color"	"Color"	"1"	"MINE GOFFRATO 317"	"Mine Goffrato 317"	"material"	""	"Porcelain"	""
"TRICOT"	""	""	""	"Tricot Vanity"	"Vanities"	"Select Countertop Color"	"6"	"Countertop Color"	"1"	"Countertop Color"	"Color"	"1"	"ARDESIA NERA 328"	"Ardesia Nera 328"	"material"	""	"Porcelain"	""
"TRICOT"	""	""	""	"Tricot Vanity"	"Vanities"	"Select Countertop Color"	"6"	"Countertop Color"	"1"	"Countertop Color"	"Color"	"1"	"NERO ATLANTE LUCIDO 326"	"Nero Atlante Lucido 326"	"material"	""	"Porcelain"	""
"TRICOT"	""	""	""	"Tricot Vanity"	"Vanities"	"Select Countertop Color"	"6"	"Countertop Color"	"1"	"Countertop Color"	"Color"	"1"	"PIETRA GREY GOFFRATO 323"	"Pietra Grey Goffrato 323"	"material"	""	"Porcelain"	""
"TRICOT"	""	""	""	"Tricot Vanity"	"Vanities"	"Select Countertop Color"	"6"	"Countertop Color"	"1"	"Countertop Color"	"Color"	"1"	"PIETRA PIASENTINA GOFFRATO 324"	"Pietra Piasentina Goffrato 324"	"material"	""	"Porcelain"	""
"TRICOT"	""	""	""	"Tricot Vanity"	"Vanities"	"Select Countertop Color"	"6"	"Countertop Color"	"1"	"Countertop Color"	"Color"	"1"	"PORFIDO 337"	"Porfido 337"	"material"	""	"Porcelain"	""
"TRICOT"	""	""	""	"Tricot Vanity"	"Vanities"	"Select Countertop Color"	"6"	"Countertop Color"	"1"	"Countertop Color"	"Color"	"1"	"SAHARA NOIR BOCCIARDATO 335"	"Sahara Noir Bocciardato 335"	"material"	""	"Porcelain"	""
"TRICOT"	""	""	""	"Tricot Vanity"	"Vanities"	"Select Countertop Color"	"6"	"Countertop Color"	"1"	"Countertop Color"	"Color"	"1"	"SAHARA NOIR LUCIDO 339"	"Sahara Noir Lucido 339"	"material"	""	"Porcelain"	""
"TRICOT"	""	""	""	"Tricot Vanity"	"Vanities"	"Select Countertop Color"	"6"	"Countertop Color"	"1"	"Countertop Color"	"Color"	"1"	"STATUARIO ALTISSIMO LUCIDO 333"	"Statuario Altissimo Lucido 333"	"material"	""	"Porcelain"	""
"TRICOT"	""	""	""	"Tricot Vanity"	"Vanities"	"Select Countertop Color"	"6"	"Countertop Color"	"1"	"Countertop Color"	"Color"	"1"	"TERRE DI SATURNIA 336"	"Terre Di Saturnia 336"	"material"	""	"Porcelain"	""
"TRICOT"	""	""	""	"Tricot Vanity"	"Vanities"	"Select Countertop Color"	"6"	"Countertop Color"	"1"	"Countertop Color"	"Color"	"1"	"Grigio Argento 403 MT"	"Grigio Argento 403 MT"	"material"	""	"Glass MT"	""
"TRICOT"	""	""	""	"Tricot Vanity"	"Vanities"	"Select Countertop Color"	"6"	"Countertop Color"	"1"	"Countertop Color"	"Color"	"1"	"Nebbia 402 MT"	"Nebbia 402 MT"	"material"	""	"Glass MT"	""
"TRICOT"	""	""	""	"Tricot Vanity"	"Vanities"	"Select Countertop Color"	"6"	"Countertop Color"	"1"	"Countertop Color"	"Color"	"1"	"Seta 406 MT"	"Seta 406 MT"	"material"	""	"Glass MT"	""
"TRICOT"	""	""	""	"Tricot Vanity"	"Vanities"	"Select Countertop Color"	"6"	"Countertop Color"	"1"	"Countertop Color"	"Color"	"1"	"Moka 408 MT"	"Moka 408 MT"	"material"	""	"Glass MT"	""
"TRICOT"	""	""	""	"Tricot Vanity"	"Vanities"	"Select Countertop Color"	"6"	"Countertop Color"	"1"	"Countertop Color"	"Color"	"1"	"Ponente 418 MT"	"Ponente 418 MT"	"material"	""	"Glass MT"	""
"TRICOT"	""	""	""	"Tricot Vanity"	"Vanities"	"Select Countertop Color"	"6"	"Countertop Color"	"1"	"Countertop Color"	"Color"	"1"	"Acqua 419 MT"	"Acqua 419 MT"	"material"	""	"Glass MT"	""
"TRICOT"	""	""	""	"Tricot Vanity"	"Vanities"	"Select Countertop Color"	"6"	"Countertop Color"	"1"	"Countertop Color"	"Color"	"1"	"Salvia 415 MT"	"Salvia 415 MT"	"material"	""	"Glass MT"	""
"TRICOT"	""	""	""	"Tricot Vanity"	"Vanities"	"Select Countertop Color"	"6"	"Countertop Color"	"1"	"Countertop Color"	"Color"	"1"	"Ambra 413 MT"	"Ambra 413 MT"	"material"	""	"Glass MT"	""
"TRICOT"	""	""	""	"Tricot Vanity"	"Vanities"	"Select Countertop Color"	"6"	"Countertop Color"	"1"	"Countertop Color"	"Color"	"1"	"Latte 417 MT"	"Latte 417 MT"	"material"	""	"Glass MT"	""
"TRICOT"	""	""	""	"Tricot Vanity"	"Vanities"	"Select Countertop Color"	"6"	"Countertop Color"	"1"	"Countertop Color"	"Color"	"1"	"Fumo 401 MT"	"Fumo 401 MT"	"material"	""	"Glass MT"	""
"TRICOT"	""	""	""	"Tricot Vanity"	"Vanities"	"Select Countertop Color"	"6"	"Countertop Color"	"1"	"Countertop Color"	"Color"	"1"	"Metropoli 404 MT"	"Metropoli 404 MT"	"material"	""	"Glass MT"	""
"TRICOT"	""	""	""	"Tricot Vanity"	"Vanities"	"Select Countertop Color"	"6"	"Countertop Color"	"1"	"Countertop Color"	"Color"	"1"	"Antracite 400 MT"	"Antracite 400 MT"	"material"	""	"Glass MT"	""
"TRICOT"	""	""	""	"Tricot Vanity"	"Vanities"	"Select Countertop Color"	"6"	"Countertop Color"	"1"	"Countertop Color"	"Color"	"1"	"Nero 433 MT"	"Nero 433 MT"	"material"	""	"Glass MT"	""
"TRICOT"	""	""	""	"Tricot Vanity"	"Vanities"	"Select Countertop Color"	"6"	"Countertop Color"	"1"	"Countertop Color"	"Color"	"1"	"Sabbia 405 MT"	"Sabbia 405 MT"	"material"	""	"Glass MT"	""
"TRICOT"	""	""	""	"Tricot Vanity"	"Vanities"	"Select Countertop Color"	"6"	"Countertop Color"	"1"	"Countertop Color"	"Color"	"1"	"Agata 407 MT"	"Agata 407 MT"	"material"	""	"Glass MT"	""
"TRICOT"	""	""	""	"Tricot Vanity"	"Vanities"	"Select Countertop Color"	"6"	"Countertop Color"	"1"	"Countertop Color"	"Color"	"1"	"Creta 416 MT"	"Creta 416 MT"	"material"	""	"Glass MT"	""
"TRICOT"	""	""	""	"Tricot Vanity"	"Vanities"	"Select Countertop Color"	"6"	"Countertop Color"	"1"	"Countertop Color"	"Color"	"1"	"Zaffiro 411 MT"	"Zaffiro 411 MT"	"material"	""	"Glass MT"	""
"TRICOT"	""	""	""	"Tricot Vanity"	"Vanities"	"Select Countertop Color"	"6"	"Countertop Color"	"1"	"Countertop Color"	"Color"	"1"	"Turchese 410 MT"	"Turchese 410 MT"	"material"	""	"Glass MT"	""
"TRICOT"	""	""	""	"Tricot Vanity"	"Vanities"	"Select Countertop Color"	"6"	"Countertop Color"	"1"	"Countertop Color"	"Color"	"1"	"Asparago 414 MT"	"Asparago 414 MT"	"material"	""	"Glass MT"	""
"TRICOT"	""	""	""	"Tricot Vanity"	"Vanities"	"Select Countertop Color"	"6"	"Countertop Color"	"1"	"Countertop Color"	"Color"	"1"	"Zafferano 412 MT"	"Zafferano 412 MT"	"material"	""	"Glass MT"	""
"TRICOT"	""	""	""	"Tricot Vanity"	"Vanities"	"Select Countertop Color"	"6"	"Countertop Color"	"1"	"Countertop Color"	"Color"	"1"	"Grigio Argento 403 GL"	"Grigio Argento 403 GL"	"material"	""	"Glass GL"	""
"TRICOT"	""	""	""	"Tricot Vanity"	"Vanities"	"Select Countertop Color"	"6"	"Countertop Color"	"1"	"Countertop Color"	"Color"	"1"	"Nebbia 402 GL"	"Nebbia 402 GL"	"material"	""	"Glass GL"	""
"TRICOT"	""	""	""	"Tricot Vanity"	"Vanities"	"Select Countertop Color"	"6"	"Countertop Color"	"1"	"Countertop Color"	"Color"	"1"	"Seta 406 GL"	"Seta 406 GL"	"material"	""	"Glass GL"	""
"TRICOT"	""	""	""	"Tricot Vanity"	"Vanities"	"Select Countertop Color"	"6"	"Countertop Color"	"1"	"Countertop Color"	"Color"	"1"	"Moka 408 GL"	"Moka 408 GL"	"material"	""	"Glass GL"	""
"TRICOT"	""	""	""	"Tricot Vanity"	"Vanities"	"Select Countertop Color"	"6"	"Countertop Color"	"1"	"Countertop Color"	"Color"	"1"	"Ponente 418 GL"	"Ponente 418 GL"	"material"	""	"Glass GL"	""
"TRICOT"	""	""	""	"Tricot Vanity"	"Vanities"	"Select Countertop Color"	"6"	"Countertop Color"	"1"	"Countertop Color"	"Color"	"1"	"Acqua 419 GL"	"Acqua 419 GL"	"material"	""	"Glass GL"	""
"TRICOT"	""	""	""	"Tricot Vanity"	"Vanities"	"Select Countertop Color"	"6"	"Countertop Color"	"1"	"Countertop Color"	"Color"	"1"	"Salvia 415 GL"	"Salvia 415 GL"	"material"	""	"Glass GL"	""
"TRICOT"	""	""	""	"Tricot Vanity"	"Vanities"	"Select Countertop Color"	"6"	"Countertop Color"	"1"	"Countertop Color"	"Color"	"1"	"Ambra 413 GL"	"Ambra 413 GL"	"material"	""	"Glass GL"	""
"TRICOT"	""	""	""	"Tricot Vanity"	"Vanities"	"Select Countertop Color"	"6"	"Countertop Color"	"1"	"Countertop Color"	"Color"	"1"	"Latte 417 GL"	"Latte 417 GL"	"material"	""	"Glass GL"	""
"TRICOT"	""	""	""	"Tricot Vanity"	"Vanities"	"Select Countertop Color"	"6"	"Countertop Color"	"1"	"Countertop Color"	"Color"	"1"	"Fumo 401 GL"	"Fumo 401 GL"	"material"	""	"Glass GL"	""
"TRICOT"	""	""	""	"Tricot Vanity"	"Vanities"	"Select Countertop Color"	"6"	"Countertop Color"	"1"	"Countertop Color"	"Color"	"1"	"Metropoli 404 GL"	"Metropoli 404 GL"	"material"	""	"Glass GL"	""
"TRICOT"	""	""	""	"Tricot Vanity"	"Vanities"	"Select Countertop Color"	"6"	"Countertop Color"	"1"	"Countertop Color"	"Color"	"1"	"Antracite 400 GL"	"Antracite 400 GL"	"material"	""	"Glass GL"	""
"TRICOT"	""	""	""	"Tricot Vanity"	"Vanities"	"Select Countertop Color"	"6"	"Countertop Color"	"1"	"Countertop Color"	"Color"	"1"	"Nero 433 GL"	"Nero 433 GL"	"material"	""	"Glass GL"	""
"TRICOT"	""	""	""	"Tricot Vanity"	"Vanities"	"Select Countertop Color"	"6"	"Countertop Color"	"1"	"Countertop Color"	"Color"	"1"	"Sabbia 405 GL"	"Sabbia 405 GL"	"material"	""	"Glass GL"	""
"TRICOT"	""	""	""	"Tricot Vanity"	"Vanities"	"Select Countertop Color"	"6"	"Countertop Color"	"1"	"Countertop Color"	"Color"	"1"	"Agata 407 GL"	"Agata 407 GL"	"material"	""	"Glass GL"	""
"TRICOT"	""	""	""	"Tricot Vanity"	"Vanities"	"Select Countertop Color"	"6"	"Countertop Color"	"1"	"Countertop Color"	"Color"	"1"	"Creta 416 GL"	"Creta 416 GL"	"material"	""	"Glass GL"	""
"TRICOT"	""	""	""	"Tricot Vanity"	"Vanities"	"Select Countertop Color"	"6"	"Countertop Color"	"1"	"Countertop Color"	"Color"	"1"	"Zaffiro 411 GL"	"Zaffiro 411 GL"	"material"	""	"Glass GL"	""
"TRICOT"	""	""	""	"Tricot Vanity"	"Vanities"	"Select Countertop Color"	"6"	"Countertop Color"	"1"	"Countertop Color"	"Color"	"1"	"Turchese 410 GL"	"Turchese 410 GL"	"material"	""	"Glass GL"	""
"TRICOT"	""	""	""	"Tricot Vanity"	"Vanities"	"Select Countertop Color"	"6"	"Countertop Color"	"1"	"Countertop Color"	"Color"	"1"	"Asparago 414 GL"	"Asparago 414 GL"	"material"	""	"Glass GL"	""
"TRICOT"	""	""	""	"Tricot Vanity"	"Vanities"	"Select Countertop Color"	"6"	"Countertop Color"	"1"	"Countertop Color"	"Color"	"1"	"Zafferano 412 GL"	"Zafferano 412 GL"	"material"	""	"Glass GL"	""
"TRICOT"	""	""	""	"Tricot Vanity"	"Vanities"	"Select Countertop Basin Style"	"7"	"Countertop Basin Style"	"1"	"Basin Style"	"Basin Style"	"1"	"LB440"	"LB440"	"image"	""	"Basin Style"	""
"TRICOT"	""	""	""	"Tricot Vanity"	"Vanities"	"Select Countertop Basin Style"	"7"	"Countertop Basin Style"	"1"	"Basin Style"	"Basin Style"	"1"	"LB175"	"LB175"	"image"	""	"Basin Style"	""
"TRICOT"	""	""	""	"Tricot Vanity"	"Vanities"	"Select Countertop Basin Style"	"7"	"Countertop Basin Style"	"1"	"Basin Style"	"Basin Style"	"1"	"LB575"	"LB575"	"image"	""	"Basin Style"	""
"TRICOT"	""	""	""	"Tricot Vanity"	"Vanities"	"Select Countertop Basin Style"	"7"	"Countertop Basin Style"	"1"	"Basin Style"	"Basin Style"	"1"	"LB856"	"LB856"	"image"	""	"Basin Style"	""
"TRICOT"	""	""	""	"Tricot Vanity"	"Vanities"	"Select Countertop Basin Style"	"7"	"Countertop Basin Style"	"1"	"Basin Style"	"Basin Style"	"1"	"VA023"	"VA023"	"image"	""	"Basin Style"	""
"TRICOT"	""	""	""	"Tricot Vanity"	"Vanities"	"Select Countertop Basin Style"	"7"	"Countertop Basin Style"	"1"	"Basin Style"	"Basin Style"	"1"	"VA024"	"VA024"	"image"	""	"Basin Style"	""
"TRICOT"	""	""	""	"Tricot Vanity"	"Vanities"	"Select Countertop Basin Style"	"7"	"Countertop Basin Style"	"1"	"Basin Style"	"Basin Style"	"1"	"LV890"	"LV890"	"image"	""	"Basin Style"	""
"TRICOT"	""	""	""	"Tricot Vanity"	"Vanities"	"Select Countertop Basin Style"	"7"	"Countertop Basin Style"	"1"	"Basin Style"	"Basin Style"	"1"	"LV892"	"LV892"	"image"	""	"Basin Style"	""
"TRICOT"	""	""	""	"Tricot Vanity"	"Vanities"	"Select Countertop Basin Style"	"7"	"Countertop Basin Style"	"1"	"Basin Style"	"Basin Style"	"1"	"VA002"	"VA002"	"image"	""	"Basin Style"	""
"TRICOT"	""	""	""	"Tricot Vanity"	"Vanities"	"Select Countertop Basin Style"	"7"	"Countertop Basin Style"	"1"	"Basin Style"	"Basin Style"	"1"	"VA005"	"VA005"	"image"	""	"Basin Style"	""
