id,model,title,products,img,size,style,position,name,Width,Height,Depth,Drawers,CabinetColor,CabinetPattern,HandleColor,SidePanels,CountertopColor,BasinStyle
1,Tricot 24 1DW_24,"Tricot Vanity · 24"" 1-Drawer",Sink-Base 60,images/Tricot Vanity · 24_ 1-Drawer.png,24_29,1_drawer|single_basin,1,Sink-Base,60,40,52,1D,Rovere Oro 932,Cannette,Nero 433 MT,No,Matte White,LB440
2,Tricot 32 1DWID_30,"Tricot Vanity · 32"" 1-Drawer ID",Sink-Base 80,images/Tricot Vanity · 32_ 1-Drawer ID.png,30_39,1_drawer|single_basin,1,Sink-Base,80,40,52,1DWID,Rovere Oro 932,Cannette,Nero 433 MT,No,Matte White,LB440
3,Tricot 32 2DW_30,"Tricot Vanity · 32"" 2-Drawer",Sink-Base 80,images/Tricot Vanity · 32_ 2-Drawer.png,30_39,2_drawer|single_basin,1,Sink-Base,80,40,52,2D,Rovere Oro 932,Cannette,Nero 433 MT,No,Matte White,LB440
4,Tricot 40 1DW_40,"Tricot Vanity · 40"" 1-Drawer",Sink-Base 60 + Sink-Cabinet 40,images/Tricot Vanity · 40_ 1-Drawer.png,40_49,1_drawer|asymmetrical|single_basin,1,Sink-Base,60,40,52,1D,Rovere Oro 932,Cannette,Nero 433 MT,No,Matte White,LB440
4,Tricot 40 1DW_40,"Tricot Vanity · 40"" 1-Drawer",Sink-Base 60 + Sink-Cabinet 40,images/Tricot Vanity · 40_ 1-Drawer.png,40_49,1_drawer|asymmetrical|single_basin,2,Sink-Cabinet,40,40,52,1D,Rovere Oro 932,Cannette,Nero 433 MT,No,Matte White,LB440
5,Tricot 40 1DW 1_40,"Tricot Vanity · 40"" 1-Drawer 1",Sink-Cabinet 40 + Sink-Base 60,images/Tricot Vanity · 40_ 1-Drawer 1.png,40_49,1_drawer|asymmetrical|single_basin,1,Sink-Cabinet,40,40,52,1D,Rovere Oro 932,Cannette,Nero 433 MT,No,Matte White,LB440
5,Tricot 40 1DW 1_40,"Tricot Vanity · 40"" 1-Drawer 1",Sink-Cabinet 40 + Sink-Base 60,images/Tricot Vanity · 40_ 1-Drawer 1.png,40_49,1_drawer|asymmetrical|single_basin,2,Sink-Base,60,40,52,1D,Rovere Oro 932,Cannette,Nero 433 MT,No,Matte White,LB440
6,Tricot 40 2DW_40,"Tricot Vanity · 40"" 2-Drawer",Sink-Base 100,images/Tricot Vanity · 40_ 2-Drawer.png,40_49,2_drawer|single_basin,1,Sink-Base,100,40,52,2D,Rovere Oro 932,Cannette,Nero 433 MT,No,Matte White,LB440
7,Tricot 48 1DW_40,"Tricot Vanity · 48"" 1-Drawer",Sink-Base 80 + Sink-Cabinet 40,images/Tricot Vanity · 48_ 1-Drawer.png,40_49,1_drawer|asymmetrical|single_basin,1,Sink-Base,80,40,52,1D,Rovere Oro 932,Cannette,Nero 433 MT,No,Matte White,LB440
7,Tricot 48 1DW_40,"Tricot Vanity · 48"" 1-Drawer",Sink-Base 80 + Sink-Cabinet 40,images/Tricot Vanity · 48_ 1-Drawer.png,40_49,1_drawer|asymmetrical|single_basin,2,Sink-Cabinet,40,40,52,1D,Rovere Oro 932,Cannette,Nero 433 MT,No,Matte White,LB440
8,Tricot 48 1DW 1_40,"Tricot Vanity · 48"" 1-Drawer 1",Sink-Base 60 + Sink-Base 60,images/Tricot Vanity · 48_ 1-Drawer 1.png,40_49,1_drawer|double_basin,1,Sink-Base,60,40,52,1D,Rovere Oro 932,Cannette,Nero 433 MT,No,Matte White,LB440
8,Tricot 48 1DW 1_40,"Tricot Vanity · 48"" 1-Drawer 1",Sink-Base 60 + Sink-Base 60,images/Tricot Vanity · 48_ 1-Drawer 1.png,40_49,1_drawer|double_basin,2,Sink-Base,60,40,52,1D,Rovere Oro 932,Cannette,Nero 433 MT,No,Matte White,LB440
9,Tricot 48 1DWID_40,"Tricot Vanity · 48"" 1-Drawer ID",Sink-Base 120,images/Tricot Vanity · 48_ 1-Drawer ID.png,40_49,1_drawer|single_basin,1,Sink-Base,120,40,52,1DWID,Rovere Oro 932,Cannette,Nero 433 MT,No,Matte White,LB440
10,Tricot 48 2DW_40,"Tricot Vanity · 48"" 2-Drawer",Sink-Base 80 + Sink-Cabinet 40,images/Tricot Vanity · 48_ 2-Drawer.png,40_49,2_drawer|asymmetrical|single_basin,1,Sink-Base,80,40,52,2D,Rovere Oro 932,Cannette,Nero 433 MT,No,Matte White,LB440
10,Tricot 48 2DW_40,"Tricot Vanity · 48"" 2-Drawer",Sink-Base 80 + Sink-Cabinet 40,images/Tricot Vanity · 48_ 2-Drawer.png,40_49,2_drawer|asymmetrical|single_basin,2,Sink-Cabinet,40,40,52,2D,Rovere Oro 932,Cannette,Nero 433 MT,No,Matte White,LB440
11,Tricot 48 2DW 1_40,"Tricot Vanity · 48"" 2-Drawer 1",Sink-Base 120,images/Tricot Vanity · 48_ 2-Drawer 1.png,40_49,2_drawer|single_basin,1,Sink-Base,120,40,52,2D,Rovere Oro 932,Cannette,Nero 433 MT,No,Matte White,LB440
12,Tricot 55 1DW_50,"Tricot Vanity · 55"" 1-Drawer",Sink-Base 100 + Sink-Cabinet 40,images/Tricot Vanity · 55_ 1-Drawer.png,50_59,1_drawer|asymmetrical|single_basin,1,Sink-Base,100,40,52,1D,Rovere Oro 932,Cannette,Nero 433 MT,No,Matte White,LB440
12,Tricot 55 1DW_50,"Tricot Vanity · 55"" 1-Drawer",Sink-Base 100 + Sink-Cabinet 40,images/Tricot Vanity · 55_ 1-Drawer.png,50_59,1_drawer|asymmetrical|single_basin,2,Sink-Cabinet,40,40,52,1D,Rovere Oro 932,Cannette,Nero 433 MT,No,Matte White,LB440
13,Tricot 55 1DW 1_50,"Tricot Vanity · 55"" 1-Drawer 1",Sink-Cabinet 40 + Sink-Base 60 + Sink-Cabinet 40,images/Tricot Vanity · 55_ 1-Drawer 1.png,50_59,1_drawer|single_basin,1,Sink-Cabinet,40,40,52,1D,Rovere Oro 932,Cannette,Nero 433 MT,No,Matte White,LB440
13,Tricot 55 1DW 1_50,"Tricot Vanity · 55"" 1-Drawer 1",Sink-Cabinet 40 + Sink-Base 60 + Sink-Cabinet 40,images/Tricot Vanity · 55_ 1-Drawer 1.png,50_59,1_drawer|single_basin,2,Sink-Base,60,40,52,1D,Rovere Oro 932,Cannette,Nero 433 MT,No,Matte White,LB440
13,Tricot 55 1DW 1_50,"Tricot Vanity · 55"" 1-Drawer 1",Sink-Cabinet 40 + Sink-Base 60 + Sink-Cabinet 40,images/Tricot Vanity · 55_ 1-Drawer 1.png,50_59,1_drawer|single_basin,3,Sink-Cabinet,40,40,52,1D,Rovere Oro 932,Cannette,Nero 433 MT,No,Matte White,LB440
14,Tricot 55 1DW 2_50,"Tricot Vanity · 55"" 1-Drawer 2",Sink-Base 80 + Sink-Cabinet 60,images/Tricot Vanity · 55_ 1-Drawer 2.png,50_59,1_drawer|asymmetrical|single_basin,1,Sink-Base,80,40,52,1D,Rovere Oro 932,Cannette,Nero 433 MT,No,Matte White,LB440
14,Tricot 55 1DW 2_50,"Tricot Vanity · 55"" 1-Drawer 2",Sink-Base 80 + Sink-Cabinet 60,images/Tricot Vanity · 55_ 1-Drawer 2.png,50_59,1_drawer|asymmetrical|single_basin,2,Sink-Cabinet,60,40,52,1D,Rovere Oro 932,Cannette,Nero 433 MT,No,Matte White,LB440
15,Tricot 55 1DWID_50,"Tricot Vanity · 55"" 1-Drawer ID",Sink-Base 100 + Sink-Cabinet 40,images/Tricot Vanity · 55_ 1-Drawer ID.png,50_59,1_drawer|asymmetrical|single_basin,1,Sink-Base,100,40,52,1DWID,Rovere Oro 932,Cannette,Nero 433 MT,No,Matte White,LB440
15,Tricot 55 1DWID_50,"Tricot Vanity · 55"" 1-Drawer ID",Sink-Base 100 + Sink-Cabinet 40,images/Tricot Vanity · 55_ 1-Drawer ID.png,50_59,1_drawer|asymmetrical|single_basin,2,Sink-Cabinet,40,40,52,1DWID,Rovere Oro 932,Cannette,Nero 433 MT,No,Matte White,LB440
16,Tricot 55 2DW_50,"Tricot Vanity · 55"" 2-Drawer",Sink-Base 100 + Sink-Cabinet 40,images/Tricot Vanity · 55_ 2-Drawer.png,50_59,2_drawer|asymmetrical|single_basin,1,Sink-Base,100,40,52,2D,Rovere Oro 932,Cannette,Nero 433 MT,No,Matte White,LB440
16,Tricot 55 2DW_50,"Tricot Vanity · 55"" 2-Drawer",Sink-Base 100 + Sink-Cabinet 40,images/Tricot Vanity · 55_ 2-Drawer.png,50_59,2_drawer|asymmetrical|single_basin,2,Sink-Cabinet,40,40,52,2D,Rovere Oro 932,Cannette,Nero 433 MT,No,Matte White,LB440
17,Tricot 55 2DW 1_50,"Tricot Vanity · 55"" 2-Drawer 1",Sink-Base 80 + Sink-Cabinet 60,images/Tricot Vanity · 55_ 2-Drawer 1.png,50_59,2_drawer|asymmetrical|single_basin,1,Sink-Base,80,40,52,2D,Rovere Oro 932,Cannette,Nero 433 MT,No,Matte White,LB440
17,Tricot 55 2DW 1_50,"Tricot Vanity · 55"" 2-Drawer 1",Sink-Base 80 + Sink-Cabinet 60,images/Tricot Vanity · 55_ 2-Drawer 1.png,50_59,2_drawer|asymmetrical|single_basin,2,Sink-Cabinet,60,40,52,2D,Rovere Oro 932,Cannette,Nero 433 MT,No,Matte White,LB440
18,Tricot 63 1DW_60,"Tricot Vanity · 63"" 1-Drawer",Sink-Base 80 + Sink-Base 80,images/Tricot Vanity · 63_ 1-Drawer.png,60_69,1_drawer|double_basin,1,Sink-Base,80,40,52,1D,Rovere Oro 932,Cannette,Nero 433 MT,No,Matte White,LB440
18,Tricot 63 1DW_60,"Tricot Vanity · 63"" 1-Drawer",Sink-Base 80 + Sink-Base 80,images/Tricot Vanity · 63_ 1-Drawer.png,60_69,1_drawer|double_basin,2,Sink-Base,80,40,52,1D,Rovere Oro 932,Cannette,Nero 433 MT,No,Matte White,LB440
19,Tricot 63 1DW 1_60,"Tricot Vanity · 63"" 1-Drawer 1",Sink-Base 120 + Sink-Cabinet 40,images/Tricot Vanity · 63_ 1-Drawer 1.png,60_69,1_drawer|asymmetrical|single_basin,1,Sink-Base,120,40,52,1D,Rovere Oro 932,Cannette,Nero 433 MT,No,Matte White,LB440
19,Tricot 63 1DW 1_60,"Tricot Vanity · 63"" 1-Drawer 1",Sink-Base 120 + Sink-Cabinet 40,images/Tricot Vanity · 63_ 1-Drawer 1.png,60_69,1_drawer|asymmetrical|single_basin,2,Sink-Cabinet,40,40,52,1D,Rovere Oro 932,Cannette,Nero 433 MT,No,Matte White,LB440
20,Tricot 63 1DW 2_60,"Tricot Vanity · 63"" 1-Drawer 2",Sink-Cabinet 40 + Sink-Base 80 + Sink-Cabinet 40,images/Tricot Vanity · 63_ 1-Drawer 2.png,60_69,1_drawer|single_basin,1,Sink-Cabinet,40,40,52,1D,Rovere Oro 932,Cannette,Nero 433 MT,No,Matte White,LB440
20,Tricot 63 1DW 2_60,"Tricot Vanity · 63"" 1-Drawer 2",Sink-Cabinet 40 + Sink-Base 80 + Sink-Cabinet 40,images/Tricot Vanity · 63_ 1-Drawer 2.png,60_69,1_drawer|single_basin,2,Sink-Base,80,40,52,1D,Rovere Oro 932,Cannette,Nero 433 MT,No,Matte White,LB440
20,Tricot 63 1DW 2_60,"Tricot Vanity · 63"" 1-Drawer 2",Sink-Cabinet 40 + Sink-Base 80 + Sink-Cabinet 40,images/Tricot Vanity · 63_ 1-Drawer 2.png,60_69,1_drawer|single_basin,3,Sink-Cabinet,40,40,52,1D,Rovere Oro 932,Cannette,Nero 433 MT,No,Matte White,LB440
21,Tricot 63 1DW 3_60,"Tricot Vanity · 63"" 1-Drawer 3",Sink-Base 100 + Sink-Cabinet 60,images/Tricot Vanity · 63_ 1-Drawer 3.png,60_69,1_drawer|asymmetrical|single_basin,1,Sink-Base,100,40,52,1D,Rovere Oro 932,Cannette,Nero 433 MT,No,Matte White,LB440
21,Tricot 63 1DW 3_60,"Tricot Vanity · 63"" 1-Drawer 3",Sink-Base 100 + Sink-Cabinet 60,images/Tricot Vanity · 63_ 1-Drawer 3.png,60_69,1_drawer|asymmetrical|single_basin,2,Sink-Cabinet,60,40,52,1D,Rovere Oro 932,Cannette,Nero 433 MT,No,Matte White,LB440
22,Tricot 63 1DW 4_60,"Tricot Vanity · 63"" 1-Drawer 4",Sink-Base 80 + Sink-Cabinet 80,images/Tricot Vanity · 63_ 1-Drawer 4.png,60_69,1_drawer|asymmetrical|single_basin,1,Sink-Base,80,40,52,1D,Rovere Oro 932,Cannette,Nero 433 MT,No,Matte White,LB440
22,Tricot 63 1DW 4_60,"Tricot Vanity · 63"" 1-Drawer 4",Sink-Base 80 + Sink-Cabinet 80,images/Tricot Vanity · 63_ 1-Drawer 4.png,60_69,1_drawer|asymmetrical|single_basin,2,Sink-Cabinet,80,40,52,1D,Rovere Oro 932,Cannette,Nero 433 MT,No,Matte White,LB440
23,Tricot 63 2DW_60,"Tricot Vanity · 63"" 2-Drawer",Sink-Base 80 + Sink-Base 80,images/Tricot Vanity · 63_ 2-Drawer.png,60_69,2_drawer|double_basin,1,Sink-Base,80,40,52,2D,Rovere Oro 932,Cannette,Nero 433 MT,No,Matte White,LB440
23,Tricot 63 2DW_60,"Tricot Vanity · 63"" 2-Drawer",Sink-Base 80 + Sink-Base 80,images/Tricot Vanity · 63_ 2-Drawer.png,60_69,2_drawer|double_basin,2,Sink-Base,80,40,52,2D,Rovere Oro 932,Cannette,Nero 433 MT,No,Matte White,LB440
24,Tricot 63 2DW 1_60,"Tricot Vanity · 63"" 2-Drawer 1",Sink-Base 120 + Sink-Cabinet 40,images/Tricot Vanity · 63_ 2-Drawer 1.png,60_69,2_drawer|asymmetrical|single_basin,1,Sink-Base,120,40,52,2D,Rovere Oro 932,Cannette,Nero 433 MT,No,Matte White,LB440
24,Tricot 63 2DW 1_60,"Tricot Vanity · 63"" 2-Drawer 1",Sink-Base 120 + Sink-Cabinet 40,images/Tricot Vanity · 63_ 2-Drawer 1.png,60_69,2_drawer|asymmetrical|single_basin,2,Sink-Cabinet,40,40,52,2D,Rovere Oro 932,Cannette,Nero 433 MT,No,Matte White,LB440
25,Tricot 63 2DW 2_60,"Tricot Vanity · 63"" 2-Drawer 2",Sink-Base 100 + Sink-Cabinet 60,images/Tricot Vanity · 63_ 2-Drawer 2.png,60_69,2_drawer|asymmetrical|single_basin,1,Sink-Base,100,40,52,2D,Rovere Oro 932,Cannette,Nero 433 MT,No,Matte White,LB440
25,Tricot 63 2DW 2_60,"Tricot Vanity · 63"" 2-Drawer 2",Sink-Base 100 + Sink-Cabinet 60,images/Tricot Vanity · 63_ 2-Drawer 2.png,60_69,2_drawer|asymmetrical|single_basin,2,Sink-Cabinet,60,40,52,2D,Rovere Oro 932,Cannette,Nero 433 MT,No,Matte White,LB440
26,Tricot 71 1DW_70,"Tricot Vanity · 71"" 1-Drawer",Sink-Cabinet 40 + Sink-Base 100 + Sink-Cabinet 40,images/Tricot Vanity · 71_ 1-Drawer.png,70_79,1_drawer|single_basin,1,Sink-Cabinet,40,40,52,1D,Rovere Oro 932,Cannette,Nero 433 MT,No,Matte White,LB440
26,Tricot 71 1DW_70,"Tricot Vanity · 71"" 1-Drawer",Sink-Cabinet 40 + Sink-Base 100 + Sink-Cabinet 40,images/Tricot Vanity · 71_ 1-Drawer.png,70_79,1_drawer|single_basin,2,Sink-Base,100,40,52,1D,Rovere Oro 932,Cannette,Nero 433 MT,No,Matte White,LB440
26,Tricot 71 1DW_70,"Tricot Vanity · 71"" 1-Drawer",Sink-Cabinet 40 + Sink-Base 100 + Sink-Cabinet 40,images/Tricot Vanity · 71_ 1-Drawer.png,70_79,1_drawer|single_basin,3,Sink-Cabinet,40,40,52,1D,Rovere Oro 932,Cannette,Nero 433 MT,No,Matte White,LB440
27,Tricot 71 2DW_70,"Tricot Vanity · 71"" 2-Drawer",Sink-Cabinet 40 + Sink-Base 100 + Sink-Cabinet 40,images/Tricot Vanity · 71_ 2-Drawer.png,70_79,2_drawer|single_basin,1,Sink-Cabinet,40,40,52,2D,Rovere Oro 932,Cannette,Nero 433 MT,No,Matte White,LB440
27,Tricot 71 2DW_70,"Tricot Vanity · 71"" 2-Drawer",Sink-Cabinet 40 + Sink-Base 100 + Sink-Cabinet 40,images/Tricot Vanity · 71_ 2-Drawer.png,70_79,2_drawer|single_basin,2,Sink-Base,100,40,52,2D,Rovere Oro 932,Cannette,Nero 433 MT,No,Matte White,LB440
27,Tricot 71 2DW_70,"Tricot Vanity · 71"" 2-Drawer",Sink-Cabinet 40 + Sink-Base 100 + Sink-Cabinet 40,images/Tricot Vanity · 71_ 2-Drawer.png,70_79,2_drawer|single_basin,3,Sink-Cabinet,40,40,52,2D,Rovere Oro 932,Cannette,Nero 433 MT,No,Matte White,LB440
28,Tricot 79 1DW_70,"Tricot Vanity · 79"" 1-Drawer",Sink-Base 80 + Sink-Cabinet 40 + Sink-Cabinet 80,images/Tricot Vanity · 79_ 1-Drawer.png,70_79,1_drawer|asymmetrical|single_basin,1,Sink-Base,80,40,52,1D,Rovere Oro 932,Cannette,Nero 433 MT,No,Matte White,LB440
28,Tricot 79 1DW_70,"Tricot Vanity · 79"" 1-Drawer",Sink-Base 80 + Sink-Cabinet 40 + Sink-Cabinet 80,images/Tricot Vanity · 79_ 1-Drawer.png,70_79,1_drawer|asymmetrical|single_basin,2,Sink-Cabinet,40,40,52,1D,Rovere Oro 932,Cannette,Nero 433 MT,No,Matte White,LB440
28,Tricot 79 1DW_70,"Tricot Vanity · 79"" 1-Drawer",Sink-Base 80 + Sink-Cabinet 40 + Sink-Cabinet 80,images/Tricot Vanity · 79_ 1-Drawer.png,70_79,1_drawer|asymmetrical|single_basin,3,Sink-Cabinet,80,40,52,1D,Rovere Oro 932,Cannette,Nero 433 MT,No,Matte White,LB440
29,Tricot 79 1DW 1_70,"Tricot Vanity · 79"" 1-Drawer 1",Sink-Base 100 + Sink-Base 100,images/Tricot Vanity · 79_ 1-Drawer 1.png,70_79,1_drawer|double_basin,1,Sink-Base,100,40,52,1D,Rovere Oro 932,Cannette,Nero 433 MT,No,Matte White,LB440
29,Tricot 79 1DW 1_70,"Tricot Vanity · 79"" 1-Drawer 1",Sink-Base 100 + Sink-Base 100,images/Tricot Vanity · 79_ 1-Drawer 1.png,70_79,1_drawer|double_basin,2,Sink-Base,100,40,52,1D,Rovere Oro 932,Cannette,Nero 433 MT,No,Matte White,LB440
30,Tricot 79 1DW 2_70,"Tricot Vanity · 79"" 1-Drawer 2",Sink-Base 120 + Sink-Cabinet 80,images/Tricot Vanity · 79_ 1-Drawer 2.png,70_79,1_drawer|asymmetrical|single_basin,1,Sink-Base,120,40,52,1D,Rovere Oro 932,Cannette,Nero 433 MT,No,Matte White,LB440
30,Tricot 79 1DW 2_70,"Tricot Vanity · 79"" 1-Drawer 2",Sink-Base 120 + Sink-Cabinet 80,images/Tricot Vanity · 79_ 1-Drawer 2.png,70_79,1_drawer|asymmetrical|single_basin,2,Sink-Cabinet,80,40,52,1D,Rovere Oro 932,Cannette,Nero 433 MT,No,Matte White,LB440
31,Tricot 79 1DW 3_70,"Tricot Vanity · 79"" 1-Drawer 3",Sink-Base 100 + Sink-Cabinet 100,images/Tricot Vanity · 79_ 1-Drawer 3.png,70_79,1_drawer|asymmetrical|single_basin,1,Sink-Base,100,40,52,1D,Rovere Oro 932,Cannette,Nero 433 MT,No,Matte White,LB440
31,Tricot 79 1DW 3_70,"Tricot Vanity · 79"" 1-Drawer 3",Sink-Base 100 + Sink-Cabinet 100,images/Tricot Vanity · 79_ 1-Drawer 3.png,70_79,1_drawer|asymmetrical|single_basin,2,Sink-Cabinet,100,40,52,1D,Rovere Oro 932,Cannette,Nero 433 MT,No,Matte White,LB440
32,Tricot 79 2DW_70,"Tricot Vanity · 79"" 2-Drawer",Sink-Base 100 + Sink-Base 100,images/Tricot Vanity · 79_ 2-Drawer.png,70_79,2_drawer|double_basin,1,Sink-Base,100,40,52,2D,Rovere Oro 932,Cannette,Nero 433 MT,No,Matte White,LB440
32,Tricot 79 2DW_70,"Tricot Vanity · 79"" 2-Drawer",Sink-Base 100 + Sink-Base 100,images/Tricot Vanity · 79_ 2-Drawer.png,70_79,2_drawer|double_basin,2,Sink-Base,100,40,52,2D,Rovere Oro 932,Cannette,Nero 433 MT,No,Matte White,LB440
33,Tricot 79 2DW 1_70,"Tricot Vanity · 79"" 2-Drawer 1",Sink-Base 120 + Sink-Cabinet 80,images/Tricot Vanity · 79_ 2-Drawer 1.png,70_79,2_drawer|asymmetrical|single_basin,1,Sink-Base,120,40,52,2D,Rovere Oro 932,Cannette,Nero 433 MT,No,Matte White,LB440
33,Tricot 79 2DW 1_70,"Tricot Vanity · 79"" 2-Drawer 1",Sink-Base 120 + Sink-Cabinet 80,images/Tricot Vanity · 79_ 2-Drawer 1.png,70_79,2_drawer|asymmetrical|single_basin,2,Sink-Cabinet,80,40,52,2D,Rovere Oro 932,Cannette,Nero 433 MT,No,Matte White,LB440
34,Tricot 87 1DW_80,"Tricot Vanity · 87"" 1-Drawer",Sink-Base 80 + Sink-Cabinet 60 + Sink-Base 80,images/Tricot Vanity · 87_ 1-Drawer.png,80_89,1_drawer|double_basin,1,Sink-Base,80,40,52,1D,Rovere Oro 932,Cannette,Nero 433 MT,No,Matte White,LB440
34,Tricot 87 1DW_80,"Tricot Vanity · 87"" 1-Drawer",Sink-Base 80 + Sink-Cabinet 60 + Sink-Base 80,images/Tricot Vanity · 87_ 1-Drawer.png,80_89,1_drawer|double_basin,2,Sink-Cabinet,60,40,52,1D,Rovere Oro 932,Cannette,Nero 433 MT,No,Matte White,LB440
34,Tricot 87 1DW_80,"Tricot Vanity · 87"" 1-Drawer",Sink-Base 80 + Sink-Cabinet 60 + Sink-Base 80,images/Tricot Vanity · 87_ 1-Drawer.png,80_89,1_drawer|double_basin,3,Sink-Base,80,40,52,1D,Rovere Oro 932,Cannette,Nero 433 MT,No,Matte White,LB440
35,Tricot 87 1DW 1_80,"Tricot Vanity · 87"" 1-Drawer 1",Sink-Base 60 + Sink-Cabinet 100 + Sink-Base 60,images/Tricot Vanity · 87_ 1-Drawer 1.png,80_89,1_drawer|double_basin,1,Sink-Base,60,40,52,1D,Rovere Oro 932,Cannette,Nero 433 MT,No,Matte White,LB440
35,Tricot 87 1DW 1_80,"Tricot Vanity · 87"" 1-Drawer 1",Sink-Base 60 + Sink-Cabinet 100 + Sink-Base 60,images/Tricot Vanity · 87_ 1-Drawer 1.png,80_89,1_drawer|double_basin,2,Sink-Cabinet,100,40,52,1D,Rovere Oro 932,Cannette,Nero 433 MT,No,Matte White,LB440
35,Tricot 87 1DW 1_80,"Tricot Vanity · 87"" 1-Drawer 1",Sink-Base 60 + Sink-Cabinet 100 + Sink-Base 60,images/Tricot Vanity · 87_ 1-Drawer 1.png,80_89,1_drawer|double_basin,3,Sink-Base,60,40,52,1D,Rovere Oro 932,Cannette,Nero 433 MT,No,Matte White,LB440
36,Tricot 87 1DW 2_80,"Tricot Vanity · 87"" 1-Drawer 2",Sink-Base 120 + Sink-Cabinet 100,images/Tricot Vanity · 87_ 1-Drawer 2.png,80_89,1_drawer|asymmetrical|single_basin,1,Sink-Base,120,40,52,1D,Rovere Oro 932,Cannette,Nero 433 MT,No,Matte White,LB440
36,Tricot 87 1DW 2_80,"Tricot Vanity · 87"" 1-Drawer 2",Sink-Base 120 + Sink-Cabinet 100,images/Tricot Vanity · 87_ 1-Drawer 2.png,80_89,1_drawer|asymmetrical|single_basin,2,Sink-Cabinet,100,40,52,1D,Rovere Oro 932,Cannette,Nero 433 MT,No,Matte White,LB440
37,Tricot 87 1DW 3_80,"Tricot Vanity · 87"" 1-Drawer 3",Sink-Base 100 + Sink-Cabinet 120,images/Tricot Vanity · 87_ 1-Drawer 3.png,80_89,1_drawer|asymmetrical|single_basin,1,Sink-Base,100,40,52,1D,Rovere Oro 932,Cannette,Nero 433 MT,No,Matte White,LB440
37,Tricot 87 1DW 3_80,"Tricot Vanity · 87"" 1-Drawer 3",Sink-Base 100 + Sink-Cabinet 120,images/Tricot Vanity · 87_ 1-Drawer 3.png,80_89,1_drawer|asymmetrical|single_basin,2,Sink-Cabinet,120,40,52,1D,Rovere Oro 932,Cannette,Nero 433 MT,No,Matte White,LB440
38,Tricot 87 1DW 4_80,"Tricot Vanity · 87"" 1-Drawer 4",Sink-Cabinet 60 + Sink-Base 100 + Sink-Cabinet 60,images/Tricot Vanity · 87_ 1-Drawer 4.png,80_89,1_drawer|single_basin,1,Sink-Cabinet,60,40,52,1D,Rovere Oro 932,Cannette,Nero 433 MT,No,Matte White,LB440
38,Tricot 87 1DW 4_80,"Tricot Vanity · 87"" 1-Drawer 4",Sink-Cabinet 60 + Sink-Base 100 + Sink-Cabinet 60,images/Tricot Vanity · 87_ 1-Drawer 4.png,80_89,1_drawer|single_basin,2,Sink-Base,100,40,52,1D,Rovere Oro 932,Cannette,Nero 433 MT,No,Matte White,LB440
38,Tricot 87 1DW 4_80,"Tricot Vanity · 87"" 1-Drawer 4",Sink-Cabinet 60 + Sink-Base 100 + Sink-Cabinet 60,images/Tricot Vanity · 87_ 1-Drawer 4.png,80_89,1_drawer|single_basin,3,Sink-Cabinet,60,40,52,1D,Rovere Oro 932,Cannette,Nero 433 MT,No,Matte White,LB440
39,Tricot 87 2DW_80,"Tricot Vanity · 87"" 2-Drawer",Sink-Base 80 + Sink-Cabinet 60 + Sink-Base 80,images/Tricot Vanity · 87_ 2-Drawer.png,80_89,2_drawer|double_basin,1,Sink-Base,80,40,52,2D,Rovere Oro 932,Cannette,Nero 433 MT,No,Matte White,LB440
39,Tricot 87 2DW_80,"Tricot Vanity · 87"" 2-Drawer",Sink-Base 80 + Sink-Cabinet 60 + Sink-Base 80,images/Tricot Vanity · 87_ 2-Drawer.png,80_89,2_drawer|double_basin,2,Sink-Cabinet,60,40,52,2D,Rovere Oro 932,Cannette,Nero 433 MT,No,Matte White,LB440
39,Tricot 87 2DW_80,"Tricot Vanity · 87"" 2-Drawer",Sink-Base 80 + Sink-Cabinet 60 + Sink-Base 80,images/Tricot Vanity · 87_ 2-Drawer.png,80_89,2_drawer|double_basin,3,Sink-Base,80,40,52,2D,Rovere Oro 932,Cannette,Nero 433 MT,No,Matte White,LB440
40,Tricot 87 2DW 1_80,"Tricot Vanity · 87"" 2-Drawer 1",Sink-Base 120 + Sink-Cabinet 100,images/Tricot Vanity · 87_ 2-Drawer 1.png,80_89,2_drawer|asymmetrical|single_basin,1,Sink-Base,120,40,52,2D,Rovere Oro 932,Cannette,Nero 433 MT,No,Matte White,LB440
40,Tricot 87 2DW 1_80,"Tricot Vanity · 87"" 2-Drawer 1",Sink-Base 120 + Sink-Cabinet 100,images/Tricot Vanity · 87_ 2-Drawer 1.png,80_89,2_drawer|asymmetrical|single_basin,2,Sink-Cabinet,100,40,52,2D,Rovere Oro 932,Cannette,Nero 433 MT,No,Matte White,LB440
41,Tricot 87 2DW 2_80,"Tricot Vanity · 87"" 2-Drawer 2",Sink-Base 100 + Sink-Cabinet 120,images/Tricot Vanity · 87_ 2-Drawer 2.png,80_89,2_drawer|asymmetrical|single_basin,1,Sink-Base,100,40,52,2D,Rovere Oro 932,Cannette,Nero 433 MT,No,Matte White,LB440
41,Tricot 87 2DW 2_80,"Tricot Vanity · 87"" 2-Drawer 2",Sink-Base 100 + Sink-Cabinet 120,images/Tricot Vanity · 87_ 2-Drawer 2.png,80_89,2_drawer|asymmetrical|single_basin,2,Sink-Cabinet,120,40,52,2D,Rovere Oro 932,Cannette,Nero 433 MT,No,Matte White,LB440
42,Tricot 87 2DW 3_80,"Tricot Vanity · 87"" 2-Drawer 3",Sink-Cabinet 60 + Sink-Base 100 + Sink-Cabinet 60,images/Tricot Vanity · 87_ 2-Drawer 3.png,80_89,2_drawer|single_basin,1,Sink-Cabinet,60,40,52,2D,Rovere Oro 932,Cannette,Nero 433 MT,No,Matte White,LB440
42,Tricot 87 2DW 3_80,"Tricot Vanity · 87"" 2-Drawer 3",Sink-Cabinet 60 + Sink-Base 100 + Sink-Cabinet 60,images/Tricot Vanity · 87_ 2-Drawer 3.png,80_89,2_drawer|single_basin,2,Sink-Base,100,40,52,2D,Rovere Oro 932,Cannette,Nero 433 MT,No,Matte White,LB440
42,Tricot 87 2DW 3_80,"Tricot Vanity · 87"" 2-Drawer 3",Sink-Cabinet 60 + Sink-Base 100 + Sink-Cabinet 60,images/Tricot Vanity · 87_ 2-Drawer 3.png,80_89,2_drawer|single_basin,3,Sink-Cabinet,60,40,52,2D,Rovere Oro 932,Cannette,Nero 433 MT,No,Matte White,LB440
